ReviewID,Product,Rating,ReviewText,ReviewDate,PolarityScore,Sentiment,Emotions
2f7ab62a,Office Chair,4,works great  Great value for money. Used it daily.,2026-01-03,0.4,Positive,['joy']
bc0de8de,USB-C Charger,5,very satisfied  Used it daily.,2023-11-30,0.16666666666666666,Positive,['joy']
7b39d8ae,Office Chair,3,works as expected  Could be better. Used it daily.,2023-03-03,0.1,Positive,['neutral']
7130b785,Wireless Earbuds,1,poor quality  Very disappointed.,2025-01-04,-0.4,Negative,"['anger', 'sadness']"
59a48ff2,Blender,4,exceeded expectations  Highly recommend. Used it daily.,2024-03-25,0.25,Positive,['joy']
2072fee4,Office Chair,1,missing parts  Very disappointed. I bought this for my travel.,2026-07-02,-0.18181818181818182,Negative,"['anger', 'sadness']"
8b98a687,Stainless Bottle,5,exceeded expectations  Highly recommend.,2023-03-29,0.4,Positive,['joy']
3fa51805,Office Chair,3,acceptable  It's okay. I bought this for my office.,2023-03-15,0.0,Neutral,['neutral']
4b5f1b5b,USB-C Charger,3,it's fine  Could be better.,2023-09-29,0.0,Neutral,['neutral']
b3766631,Wireless Earbuds,4,loved it  Great value for money. Used it daily.,2023-05-06,0.3,Positive,['joy']
2220ab09,Laptop Sleeve,4,excellent product  Used it daily.,2023-02-24,0.16666666666666666,Positive,['joy']
d980e3e9,Stainless Bottle,3,average  Nothing special. I bought this for my travel.,2023-06-16,0.0,Neutral,['neutral']
fe278178,Blender,4,very satisfied  Highly recommend.,2024-07-15,0.4,Positive,['joy']
f57f4b1d,Laptop Sleeve,3,fair,2023-09-21,0.0,Neutral,['neutral']
31935f3f,Stainless Bottle,4,perfect  Great value for money. Used it daily.,2023-01-18,0.3333333333333333,Positive,['joy']
05167163,USB-C Charger,4,loved it  Great value for money.,2023-03-10,0.42857142857142855,Positive,['joy']
e1c1ddbd,Office Chair,1,missing parts  Very disappointed. Used it daily.,2025-12-21,-0.25,Negative,"['anger', 'sadness']"
0def66e5,Blender,5,five stars  Will buy again.,2024-08-26,0.0,Neutral,['neutral']
c66f4083,Stainless Bottle,3,fair  Nothing special.,2023-02-07,0.0,Neutral,['neutral']
0bbf2349,Laptop Sleeve,5,will buy again,2023-07-31,0.0,Neutral,['neutral']
b6b56b9f,Laptop Sleeve,2,terrible  I bought this for my workout.,2023-09-07,-0.125,Negative,['anger']
edb2817f,USB-C Charger,1,not as described  Returned it.,2025-05-26,-0.3333333333333333,Negative,['sadness']
b90d425b,Stainless Bottle,3,neutral  It's okay. I bought this for my mom.,2024-02-01,0.0,Neutral,['neutral']
959fcf61,USB-C Charger,3,works as expected  Could be better. I bought this for my travel.,2023-09-25,0.07692307692307693,Positive,['neutral']
86e9c0d3,Blender,4,great value  Highly recommend.,2023-03-16,0.6,Positive,['joy']
3b74687b,Blender,5,good quality,2024-06-28,0.3333333333333333,Positive,['neutral']
3392ee07,USB-C Charger,5,best purchase  Will buy again. Used it daily.,2025-04-02,0.1111111111111111,Positive,['joy']
3f7c81e2,Blender,4,works great  Packaging was good. I bought this for my workout.,2025-07-19,0.25,Positive,['joy']
97cf8db8,Stainless Bottle,2,broke quickly  Used it daily.,2023-03-21,-0.16666666666666666,Negative,['neutral']
e5222fca,Office Chair,1,bad customer service  Not recommended. Used it daily.,2023-05-24,-0.2222222222222222,Negative,['neutral']
43d17c16,Laptop Sleeve,4,best purchase  Great value for money.,2023-04-26,0.42857142857142855,Positive,['joy']
695aed28,Stainless Bottle,5,highly recommend  Great value for money.,2023-06-11,0.42857142857142855,Positive,['joy']
06a0a5b7,Blender,3,does the job  Nothing special.,2023-10-13,0.0,Neutral,['neutral']
25a3d22a,Laptop Sleeve,2,missing parts  Very disappointed. Used it daily.,2024-08-14,-0.25,Negative,"['anger', 'sadness']"
7a6b2835,USB-C Charger,1,terrible  Used it daily.,2027-05-01,-0.2,Negative,['anger']
19f96f98,Blender,5,loved it,2023-03-22,0.3333333333333333,Positive,['joy']
f3c2dd5a,Yoga Mat,1,waste of money  Very disappointed.,2024-09-08,-0.3333333333333333,Negative,"['anger', 'sadness']"
659a138f,Blender,5,works great  Will buy again. Used it daily.,2024-04-21,0.2222222222222222,Positive,['joy']
8ceae2df,Laptop Sleeve,5,works great  Highly recommend.,2023-01-29,0.6,Positive,['joy']
8ca8257f,Office Chair,4,good quality  Great value for money.,2023-02-14,0.42857142857142855,Positive,['joy']
37fff10b,Blender,5,exceeded expectations  Packaging was good.,2023-12-23,0.3333333333333333,Positive,['neutral']
d9e0482a,Laptop Sleeve,3,nothing special  Nothing special. I bought this for my office.,2023-01-24,0.0,Neutral,['neutral']
2cf05215,Stainless Bottle,3,works as expected  It's okay.,2023-05-24,0.14285714285714285,Positive,['neutral']
378e8813,USB-C Charger,5,works great  Packaging was good.,2024-01-06,0.5,Positive,['joy']
94e8fa95,Blender,5,very satisfied,2023-08-22,0.3333333333333333,Positive,['joy']
a24aa08d,Wireless Earbuds,2,bad customer service,2024-03-31,-0.25,Negative,['neutral']
fa9d5441,Wireless Earbuds,5,loved it  Highly recommend. Used it daily.,2023-10-28,0.25,Positive,['joy']
0641cf5f,Yoga Mat,5,best purchase  Packaging was good.,2023-09-06,0.3333333333333333,Positive,['joy']
80b09dd1,USB-C Charger,4,five stars  Will buy again. Used it daily.,2023-07-23,0.0,Neutral,['neutral']
5c015930,USB-C Charger,1,one star,2023-02-11,-0.3333333333333333,Negative,['neutral']
6801cf5f,Wireless Earbuds,1,missing parts  Returned it. I bought this for my workout.,2024-01-05,-0.18181818181818182,Negative,['sadness']
10d13d1b,Stainless Bottle,3,neutral  Used it daily.,2023-09-17,0.0,Neutral,['neutral']
d41568c9,Wireless Earbuds,5,great value  Highly recommend.,2023-04-15,0.6,Positive,['joy']
ed002200,USB-C Charger,4,very satisfied  Highly recommend. I bought this for my travel.,2024-05-29,0.18181818181818182,Positive,['joy']
5ed70d03,Stainless Bottle,3,does the job  It's okay. I bought this for my office.,2023-01-30,0.0,Neutral,['neutral']
a95e7492,Laptop Sleeve,3,average  Used it daily.,2023-03-06,0.0,Neutral,['neutral']
18bb7899,Wireless Earbuds,5,best purchase,2024-08-25,0.3333333333333333,Positive,['joy']
6a3d7ee9,Laptop Sleeve,4,very satisfied  Will buy again. I bought this for my mom.,2025-01-18,0.08333333333333333,Positive,['joy']
4f13c615,Stainless Bottle,5,very satisfied  Highly recommend.,2023-03-17,0.4,Positive,['joy']
4b3a9e94,Stainless Bottle,5,excellent product  Will buy again. I bought this for my workout.,2023-10-10,0.08333333333333333,Positive,['joy']
95fa53f4,Yoga Mat,5,great value  Will buy again. Used it daily.,2025-04-06,0.2222222222222222,Positive,['joy']
c9c2350f,USB-C Charger,3,nothing special,2023-02-12,0.0,Neutral,['neutral']
e3190b45,Blender,3,works as expected  Nothing special. Used it daily.,2023-07-23,0.1111111111111111,Positive,['neutral']
69df0f84,Wireless Earbuds,5,excellent product  Packaging was good. I bought this for my travel.,2024-12-20,0.16666666666666666,Positive,['joy']
c934f6e1,Laptop Sleeve,1,broke quickly,2023-09-18,-0.3333333333333333,Negative,['neutral']
166de2ef,Laptop Sleeve,4,highly recommend  Used it daily.,2023-04-02,0.16666666666666666,Positive,['joy']
8ca18571,Office Chair,2,very disappointed  Very disappointed.,2023-05-31,-0.4,Negative,"['anger', 'sadness']"
008ae1ab,Blender,5,exceeded expectations  Used it daily.,2023-05-23,0.16666666666666666,Positive,['neutral']
f6f2d749,Stainless Bottle,4,best purchase  Packaging was good. Used it daily.,2024-03-19,0.2222222222222222,Positive,['joy']
5b00d520,Yoga Mat,4,perfect  Great value for money. Used it daily.,2026-07-26,0.3333333333333333,Positive,['joy']
08b37c29,USB-C Charger,5,perfect  Great value for money.,2023-04-16,0.5,Positive,['joy']
3157d47a,Stainless Bottle,4,loved it  Will buy again.,2023-05-11,0.16666666666666666,Positive,['joy']
8c7d256d,Blender,3,average  It's okay. Used it daily.,2023-01-14,0.0,Neutral,['neutral']
f3f79ab8,Blender,4,perfect  I bought this for my mom.,2023-09-12,0.125,Positive,['neutral']
bf75d85e,USB-C Charger,1,terrible  Returned it.,2023-04-30,-0.5,Negative,"['anger', 'sadness']"
39a75465,Laptop Sleeve,5,fast delivery  Packaging was good. Used it daily.,2023-04-10,0.2222222222222222,Positive,['neutral']
5f406b12,Wireless Earbuds,2,missing parts  I bought this for my travel.,2023-09-03,-0.1111111111111111,Negative,['neutral']
25a7c3be,USB-C Charger,5,perfect  Packaging was good.,2023-04-12,0.4,Positive,['neutral']
1dcba6c0,USB-C Charger,4,perfect  Highly recommend. Used it daily.,2024-06-07,0.2857142857142857,Positive,['joy']
f1014cfe,Office Chair,3,it's fine  Nothing special. Used it daily.,2024-04-20,0.0,Neutral,['neutral']
25bece8c,Blender,4,good quality,2024-01-01,0.3333333333333333,Positive,['neutral']
a656f93d,Office Chair,4,great value,2023-10-08,0.6666666666666666,Positive,['joy']
324aeeba,Yoga Mat,2,not worth  Returned it.,2024-10-20,-0.4,Negative,['sadness']
5743e511,Blender,3,acceptable,2023-03-17,0.0,Neutral,['neutral']
5c14b245,Wireless Earbuds,1,bad customer service  Used it daily.,2023-11-23,-0.14285714285714285,Negative,['neutral']
28099c52,Laptop Sleeve,4,loved it  Highly recommend. Used it daily.,2023-01-07,0.25,Positive,['joy']
889cc9ca,Stainless Bottle,4,highly recommend  Great value for money. I bought this for my friend.,2023-04-04,0.23076923076923078,Positive,['joy']
704511e4,Laptop Sleeve,4,excellent product  Highly recommend.,2023-03-11,0.4,Positive,['joy']
18d2ecc8,Office Chair,5,works great  Will buy again. Used it daily.,2023-06-28,0.2222222222222222,Positive,['joy']
e6d421a8,Blender,5,five stars  Highly recommend.,2023-02-23,0.2,Positive,['joy']
791c1953,Laptop Sleeve,3,does the job  It's okay.,2023-02-13,0.0,Neutral,['neutral']
6bac5190,Office Chair,5,loved it  Highly recommend. Used it daily.,2025-02-04,0.25,Positive,['joy']
ef1141c3,Yoga Mat,3,does the job  I bought this for my friend.,2024-01-29,0.0,Neutral,['neutral']
db8b71dd,Laptop Sleeve,5,good quality  Will buy again.,2023-10-23,0.16666666666666666,Positive,['neutral']
224526c6,Yoga Mat,4,perfect,2023-04-12,0.5,Positive,['neutral']
73453873,Office Chair,2,very disappointed  Not recommended. I bought this for my workout.,2025-04-10,-0.18181818181818182,Negative,"['anger', 'sadness']"
4a949ca5,Laptop Sleeve,5,works great  Packaging was good. I bought this for my office.,2024-01-01,0.25,Positive,['joy']
328f9dc5,Stainless Bottle,3,works as expected,2023-06-06,0.25,Positive,['neutral']
4a0349dc,Yoga Mat,5,highly recommend  I bought this for my travel.,2025-04-10,0.1111111111111111,Positive,['joy']
d0061501,Wireless Earbuds,5,exceeded expectations  Great value for money. I bought this for my workout.,2024-07-06,0.23076923076923078,Positive,['joy']
285068fe,Stainless Bottle,4,exceeded expectations  Will buy again.,2023-02-02,0.16666666666666666,Positive,['neutral']
ff323d31,Blender,3,nothing special  Could be better.,2025-04-15,0.0,Neutral,['neutral']
54926813,Wireless Earbuds,4,fast delivery  Highly recommend. Used it daily.,2023-01-04,0.25,Positive,['joy']
31879820,Yoga Mat,2,do not buy  Not recommended. Used it daily.,2024-02-02,-0.2222222222222222,Negative,['neutral']
21b0dcb3,Blender,1,terrible  Not recommended. Used it daily.,2023-03-05,-0.2857142857142857,Negative,['anger']
77f5bc65,Blender,4,perfect  Will buy again. I bought this for my workout.,2024-03-05,0.09090909090909091,Positive,['neutral']
87a52962,Office Chair,4,perfect  Highly recommend.,2023-04-03,0.5,Positive,['joy']
d1bcb6d9,Stainless Bottle,5,best purchase  Highly recommend. Used it daily.,2023-04-09,0.25,Positive,['joy']
d2090b7c,Blender,3,fair  Used it daily.,2024-05-15,0.0,Neutral,['neutral']
0904593a,Yoga Mat,4,perfect  Packaging was good. I bought this for my mom.,2024-11-21,0.18181818181818182,Positive,['neutral']
89859a10,Blender,4,best purchase  Will buy again. I bought this for my office.,2023-11-03,0.08333333333333333,Positive,['joy']
3a18b61c,Stainless Bottle,2,missing parts  Returned it. Used it daily.,2023-06-17,-0.25,Negative,['sadness']
bd645c86,Laptop Sleeve,3,does the job  Nothing special. I bought this for my friend.,2023-04-13,0.0,Neutral,['neutral']
ccca16ef,Wireless Earbuds,5,will buy again  Great value for money. Used it daily.,2023-07-02,0.18181818181818182,Positive,['joy']
956b3b90,USB-C Charger,5,will buy again,2023-12-31,0.0,Neutral,['neutral']
528e563d,Wireless Earbuds,5,very satisfied  Used it daily.,2023-09-12,0.16666666666666666,Positive,['joy']
a4393e06,Stainless Bottle,4,great value  Will buy again.,2023-09-05,0.3333333333333333,Positive,['joy']
023dd494,Stainless Bottle,3,acceptable,2024-04-12,0.0,Neutral,['neutral']
c0e4e4e8,Laptop Sleeve,3,average  It's okay.,2023-01-09,0.0,Neutral,['neutral']
075addd4,Laptop Sleeve,4,five stars  I bought this for my travel.,2023-03-13,0.0,Neutral,['neutral']
692f53b1,Blender,5,very satisfied  Highly recommend. I bought this for my friend.,2026-01-28,0.18181818181818182,Positive,['joy']
8e66e29d,Laptop Sleeve,5,good quality  Packaging was good. Used it daily.,2023-06-18,0.2222222222222222,Positive,['neutral']
208c118c,Yoga Mat,1,one star  Returned it. Used it daily.,2025-08-19,-0.25,Negative,['sadness']
673d0bcb,Laptop Sleeve,4,fast delivery  Will buy again.,2026-05-26,0.16666666666666666,Positive,['neutral']
3d47939e,Stainless Bottle,5,perfect  Great value for money. Used it daily.,2024-11-30,0.3333333333333333,Positive,['joy']
e529d19f,Laptop Sleeve,3,works as expected  It's okay. Used it daily.,2023-06-27,0.1,Positive,['neutral']
7199b36d,Yoga Mat,5,good quality  Great value for money. Used it daily.,2023-05-20,0.3,Positive,['joy']
52ac9f5a,USB-C Charger,3,fair  I bought this for my office.,2023-10-25,0.0,Neutral,['neutral']
531dd095,USB-C Charger,5,highly recommend  Highly recommend. I bought this for my mom.,2024-03-10,0.18181818181818182,Positive,['joy']
705602a8,Office Chair,4,very satisfied  Will buy again. I bought this for my friend.,2023-02-07,0.08333333333333333,Positive,['joy']
66ba7cc3,Yoga Mat,4,fast delivery  I bought this for my workout.,2027-08-10,0.1111111111111111,Positive,['neutral']
d0425c96,USB-C Charger,2,do not buy  Used it daily.,2023-09-24,-0.14285714285714285,Negative,['neutral']
b28295e4,Laptop Sleeve,5,will buy again  Will buy again. I bought this for my travel.,2024-05-07,0.0,Neutral,['neutral']
899b5d02,Wireless Earbuds,5,loved it  Will buy again. I bought this for my office.,2024-03-18,0.08333333333333333,Positive,['joy']
69a1db67,Blender,4,five stars  Highly recommend. Used it daily.,2023-05-07,0.125,Positive,['joy']
0cde1c2b,Stainless Bottle,5,very satisfied  Will buy again. I bought this for my office.,2024-08-29,0.08333333333333333,Positive,['joy']
d216b7b8,Wireless Earbuds,5,great value  Will buy again. Used it daily.,2025-06-11,0.2222222222222222,Positive,['joy']
59bae252,Office Chair,4,highly recommend  Packaging was good.,2023-09-12,0.3333333333333333,Positive,['joy']
62eee80d,Blender,5,excellent product  Packaging was good. Used it daily.,2024-01-19,0.2222222222222222,Positive,['joy']
af0770bf,Office Chair,5,excellent product  Will buy again. Used it daily.,2024-08-02,0.1111111111111111,Positive,['joy']
596bff75,USB-C Charger,5,good quality  Great value for money.,2023-05-31,0.42857142857142855,Positive,['joy']
d5157246,Stainless Bottle,4,loved it  Great value for money. I bought this for my mom.,2023-02-06,0.23076923076923078,Positive,['joy']
fdd71a80,Yoga Mat,4,will buy again  Will buy again. I bought this for my workout.,2023-01-14,0.0,Neutral,['neutral']
fa63234f,Yoga Mat,4,works great  Packaging was good.,2023-10-13,0.5,Positive,['joy']
3200f260,Wireless Earbuds,3,it's fine  Used it daily.,2023-11-23,0.0,Neutral,['neutral']
d46d7e99,Laptop Sleeve,1,missing parts  Very disappointed.,2023-01-14,-0.4,Negative,"['anger', 'sadness']"
82496403,USB-C Charger,5,excellent product  Highly recommend.,2023-06-13,0.4,Positive,['joy']
9b23eb6a,USB-C Charger,2,one star  Very disappointed. Used it daily.,2023-09-27,-0.25,Negative,"['anger', 'sadness']"
a2252e45,Stainless Bottle,5,five stars  Highly recommend. I bought this for my office.,2023-03-30,0.09090909090909091,Positive,['joy']
fd4546da,Blender,4,exceeded expectations  Great value for money.,2023-02-02,0.42857142857142855,Positive,['joy']
10ce920f,Wireless Earbuds,1,not as described  Returned it. I bought this for my friend.,2023-10-04,-0.16666666666666666,Negative,['sadness']
19bc375b,Stainless Bottle,4,five stars  Packaging was good.,2024-01-06,0.16666666666666666,Positive,['neutral']
3e713d61,Office Chair,5,best purchase  Great value for money.,2026-09-21,0.42857142857142855,Positive,['joy']
d07a11a0,Laptop Sleeve,4,best purchase  Packaging was good.,2023-05-23,0.3333333333333333,Positive,['joy']
267cede3,Laptop Sleeve,5,excellent product  Will buy again. Used it daily.,2023-04-26,0.1111111111111111,Positive,['joy']
b5656a07,Office Chair,4,loved it  Great value for money. Used it daily.,2023-01-30,0.3,Positive,['joy']
22bf00db,Wireless Earbuds,1,do not buy  Returned it.,2026-04-14,-0.3333333333333333,Negative,['sadness']
019acac7,Yoga Mat,5,best purchase  Highly recommend. Used it daily.,2024-03-10,0.25,Positive,['joy']
64989835,Stainless Bottle,4,highly recommend  Great value for money. Used it daily.,2023-03-11,0.3,Positive,['joy']
f2cd6e14,Blender,3,works as expected  Could be better. I bought this for my workout.,2023-04-16,0.07692307692307693,Positive,['neutral']
e25d6b6a,Laptop Sleeve,4,five stars  Great value for money. I bought this for my travel.,2024-04-02,0.15384615384615385,Positive,['joy']
2510845e,Laptop Sleeve,4,very satisfied  Will buy again. I bought this for my friend.,2023-04-30,0.08333333333333333,Positive,['joy']
69c22bd4,USB-C Charger,5,will buy again  Packaging was good. Used it daily.,2024-05-03,0.1,Positive,['neutral']
0bce0431,Office Chair,4,great value  Will buy again.,2023-12-12,0.3333333333333333,Positive,['joy']
3dff2bee,Laptop Sleeve,4,loved it  Highly recommend. I bought this for my mom.,2023-04-14,0.18181818181818182,Positive,['joy']
a9d09e3c,Yoga Mat,4,will buy again  Great value for money. I bought this for my office.,2024-06-01,0.14285714285714285,Positive,['joy']
eaa723d8,Blender,1,bad customer service  Used it daily.,2023-02-15,-0.14285714285714285,Negative,['neutral']
51481228,Blender,1,very disappointed  Returned it.,2023-01-16,-0.4,Negative,"['anger', 'sadness']"
34e61509,Stainless Bottle,5,fast delivery  Will buy again. Used it daily.,2024-03-19,0.1111111111111111,Positive,['neutral']
93dd908b,Office Chair,4,five stars  I bought this for my workout.,2023-02-07,0.0,Neutral,['neutral']
d9304131,Wireless Earbuds,4,perfect  Highly recommend. I bought this for my mom.,2023-08-23,0.2,Positive,['joy']
a7381c24,Yoga Mat,3,it's fine  Nothing special. Used it daily.,2023-07-27,0.0,Neutral,['neutral']
1749906a,Stainless Bottle,4,five stars  Great value for money. I bought this for my travel.,2023-12-16,0.15384615384615385,Positive,['joy']
f05ab911,Office Chair,4,good quality  Great value for money. I bought this for my office.,2023-01-17,0.23076923076923078,Positive,['joy']
7daad5db,USB-C Charger,4,works great  I bought this for my mom.,2023-12-25,0.2222222222222222,Positive,['joy']
8e0f6dc4,Office Chair,4,fast delivery  Highly recommend.,2024-12-09,0.4,Positive,['joy']
5a6597ec,Office Chair,4,good quality  Packaging was good. Used it daily.,2023-03-06,0.2222222222222222,Positive,['neutral']
a588e3db,Laptop Sleeve,1,broke quickly  I bought this for my travel.,2024-01-11,-0.1111111111111111,Negative,['neutral']
12013381,Laptop Sleeve,1,very disappointed  Not recommended.,2023-11-18,-0.4,Negative,"['anger', 'sadness']"
6dcabcb3,USB-C Charger,5,perfect  Packaging was good. Used it daily.,2023-11-09,0.25,Positive,['neutral']
800dba10,USB-C Charger,4,perfect  Packaging was good.,2024-01-12,0.4,Positive,['neutral']
e1ad30e2,Yoga Mat,4,five stars  Will buy again. Used it daily.,2023-10-15,0.0,Neutral,['neutral']
ece61ea4,Wireless Earbuds,5,excellent product  Will buy again. I bought this for my travel.,2023-06-28,0.08333333333333333,Positive,['joy']
6f1d42c5,Stainless Bottle,5,good quality,2025-05-10,0.3333333333333333,Positive,['neutral']
aaaafe7c,Yoga Mat,3,neutral  Could be better.,2023-01-27,0.0,Neutral,['neutral']
73448d35,Stainless Bottle,2,stopped working  Used it daily.,2023-01-07,-0.16666666666666666,Negative,['neutral']
b4458587,USB-C Charger,2,not worth  I bought this for my travel.,2024-02-24,-0.1111111111111111,Negative,['neutral']
edab59e6,USB-C Charger,1,stopped working  Very disappointed. I bought this for my travel.,2023-05-21,-0.18181818181818182,Negative,"['anger', 'sadness']"
f98d7e2c,Laptop Sleeve,5,fast delivery  Will buy again. I bought this for my workout.,2023-01-09,0.08333333333333333,Positive,['neutral']
1cea1013,Yoga Mat,5,exceeded expectations  Packaging was good. I bought this for my workout.,2023-05-01,0.16666666666666666,Positive,['neutral']
44038d67,Blender,2,poor quality  Used it daily.,2024-03-11,-0.16666666666666666,Negative,['neutral']
143bdbd5,Laptop Sleeve,4,very satisfied  I bought this for my mom.,2025-02-05,0.1111111111111111,Positive,['joy']
0a1f3a00,USB-C Charger,5,very satisfied  Used it daily.,2024-08-16,0.16666666666666666,Positive,['joy']
13458e09,USB-C Charger,3,okay product  Could be better. I bought this for my workout.,2023-03-13,0.0,Neutral,['neutral']
42b3cad7,Yoga Mat,5,excellent product  Great value for money. I bought this for my mom.,2024-08-23,0.23076923076923078,Positive,['joy']
27c12846,Office Chair,5,good quality  Highly recommend. Used it daily.,2023-07-14,0.25,Positive,['joy']
b2578643,Yoga Mat,4,will buy again  Highly recommend. Used it daily.,2024-06-30,0.1111111111111111,Positive,['joy']
d7798d2b,Stainless Bottle,3,average  It's okay.,2025-09-01,0.0,Neutral,['neutral']
19462ecc,Yoga Mat,5,highly recommend  Highly recommend.,2023-07-24,0.4,Positive,['joy']
300164c9,Laptop Sleeve,5,perfect  Packaging was good. Used it daily.,2024-05-27,0.25,Positive,['neutral']
98568798,Yoga Mat,2,one star  Not recommended. I bought this for my friend.,2025-04-29,-0.18181818181818182,Negative,['neutral']
ecf7e6e0,Office Chair,4,great value  Packaging was good. Used it daily.,2024-10-01,0.3333333333333333,Positive,['joy']
90edd712,Stainless Bottle,3,neutral  Used it daily.,2025-04-04,0.0,Neutral,['neutral']
b858f978,Stainless Bottle,4,five stars  Great value for money. Used it daily.,2023-01-04,0.2,Positive,['joy']
f38dcea9,Wireless Earbuds,5,works great  Packaging was good. Used it daily.,2023-02-04,0.3333333333333333,Positive,['joy']
ba811098,Blender,3,okay product  Used it daily.,2025-12-29,0.0,Neutral,['neutral']
51c5331e,Laptop Sleeve,5,will buy again  Packaging was good. I bought this for my mom.,2023-11-07,0.07692307692307693,Positive,['neutral']
ea5478ff,Office Chair,4,good quality  Packaging was good.,2023-08-06,0.3333333333333333,Positive,['neutral']
6264c002,Stainless Bottle,3,neutral  Nothing special. I bought this for my friend.,2023-05-26,0.0,Neutral,['neutral']
b202e2b8,Stainless Bottle,4,loved it  Used it daily.,2024-05-24,0.16666666666666666,Positive,['joy']
14ef6136,Laptop Sleeve,5,highly recommend  Will buy again. I bought this for my office.,2024-07-22,0.08333333333333333,Positive,['joy']
bef5bcc7,Yoga Mat,2,missing parts  Used it daily.,2023-09-06,-0.16666666666666666,Negative,['neutral']
a204aab1,Stainless Bottle,1,stopped working  Not recommended. I bought this for my office.,2023-10-19,-0.18181818181818182,Negative,['neutral']
156d0f0d,Wireless Earbuds,4,will buy again  Used it daily.,2025-03-09,0.0,Neutral,['neutral']
6bf9de78,Office Chair,4,fast delivery  I bought this for my workout.,2023-02-15,0.1111111111111111,Positive,['neutral']
9f4a8853,USB-C Charger,2,broke quickly  Returned it. Used it daily.,2024-06-07,-0.25,Negative,['sadness']
b00047c7,Office Chair,4,good quality  Great value for money.,2023-02-08,0.42857142857142855,Positive,['joy']
18b6178d,Blender,2,not worth  Returned it. I bought this for my office.,2024-03-16,-0.18181818181818182,Negative,['sadness']
0f47272b,Wireless Earbuds,1,poor quality  Very disappointed.,2024-09-21,-0.4,Negative,"['anger', 'sadness']"
45b9495f,Yoga Mat,5,fast delivery  Will buy again. Used it daily.,2023-01-31,0.1111111111111111,Positive,['neutral']
51a9973e,Wireless Earbuds,2,very disappointed  I bought this for my friend.,2027-04-25,-0.1111111111111111,Negative,"['anger', 'sadness']"
1959649a,Office Chair,4,highly recommend  Great value for money. Used it daily.,2023-06-19,0.3,Positive,['joy']
6f4da612,Blender,5,five stars  Will buy again. I bought this for my office.,2025-12-09,0.0,Neutral,['neutral']
88ffcced,Stainless Bottle,5,very satisfied  Highly recommend. Used it daily.,2024-05-25,0.25,Positive,['joy']
a0749d93,Stainless Bottle,4,very satisfied  Highly recommend. Used it daily.,2023-02-01,0.25,Positive,['joy']
ab95c622,Laptop Sleeve,5,works great  Great value for money. I bought this for my office.,2023-10-26,0.3076923076923077,Positive,['joy']
b3feaf8d,Laptop Sleeve,4,fast delivery  Great value for money.,2025-05-14,0.42857142857142855,Positive,['joy']
f0d9835d,Office Chair,2,waste of money  Returned it. Used it daily.,2023-09-05,-0.2222222222222222,Negative,"['anger', 'sadness']"
a1456e68,Laptop Sleeve,1,not worth  Returned it. Used it daily.,2023-08-19,-0.25,Negative,['sadness']
d2b0bb09,Yoga Mat,1,terrible  Returned it. Used it daily.,2023-02-16,-0.2857142857142857,Negative,"['anger', 'sadness']"
4e7e92da,Stainless Bottle,2,terrible  Very disappointed. Used it daily.,2024-01-18,-0.2857142857142857,Negative,"['anger', 'sadness']"
e483cdc7,Blender,5,great value  I bought this for my mom.,2023-11-16,0.2222222222222222,Positive,['joy']
fd6ca565,Yoga Mat,5,five stars  Will buy again. Used it daily.,2023-06-21,0.0,Neutral,['neutral']
f0b83f77,Stainless Bottle,3,does the job  It's okay.,2025-01-10,0.0,Neutral,['neutral']
633870d9,Blender,3,it's fine  I bought this for my friend.,2026-04-20,0.0,Neutral,['neutral']
d3b0af59,Blender,1,one star  Very disappointed. Used it daily.,2026-07-02,-0.25,Negative,"['anger', 'sadness']"
5f0664f2,Stainless Bottle,1,missing parts  Returned it.,2025-03-20,-0.4,Negative,['sadness']
0938a207,Laptop Sleeve,4,perfect  Will buy again. Used it daily.,2027-12-15,0.125,Positive,['neutral']
c947575e,Office Chair,1,stopped working  Returned it. Used it daily.,2023-10-22,-0.25,Negative,['sadness']
cb6657e8,Yoga Mat,5,best purchase  Used it daily.,2023-09-28,0.16666666666666666,Positive,['joy']
ebecf679,Blender,4,works great  Great value for money. Used it daily.,2024-03-10,0.4,Positive,['joy']
f780383a,USB-C Charger,4,five stars  I bought this for my friend.,2023-12-27,0.0,Neutral,['neutral']
b18d67d0,Laptop Sleeve,4,best purchase  Highly recommend. I bought this for my friend.,2025-04-24,0.18181818181818182,Positive,['joy']
3d126c4e,Office Chair,1,waste of money  Not recommended.,2023-05-01,-0.3333333333333333,Negative,['anger']
2af21dc1,Laptop Sleeve,5,excellent product  Great value for money. I bought this for my office.,2025-03-17,0.23076923076923078,Positive,['joy']
e4f8e7ff,Stainless Bottle,4,highly recommend  Will buy again. Used it daily.,2023-12-20,0.1111111111111111,Positive,['joy']
433b17bf,Blender,3,does the job,2023-03-18,0.0,Neutral,['neutral']
7463ae07,Blender,4,great value  Highly recommend. Used it daily.,2023-06-09,0.375,Positive,['joy']
e9c8e009,Stainless Bottle,4,exceeded expectations  Will buy again.,2023-01-30,0.16666666666666666,Positive,['neutral']
3399d8a0,Office Chair,5,perfect  I bought this for my workout.,2027-04-13,0.125,Positive,['neutral']
48a27a55,Laptop Sleeve,5,good quality  Packaging was good. Used it daily.,2023-10-08,0.2222222222222222,Positive,['neutral']
30d1d587,USB-C Charger,3,average  Nothing special. I bought this for my workout.,2024-09-05,0.0,Neutral,['neutral']
8beea2e3,Office Chair,5,great value  Great value for money. I bought this for my office.,2023-03-06,0.3076923076923077,Positive,['joy']
1d07d32a,USB-C Charger,5,great value  Highly recommend.,2024-09-23,0.6,Positive,['joy']
98466d68,Stainless Bottle,5,exceeded expectations  Great value for money. Used it daily.,2024-04-17,0.3,Positive,['joy']
0a84cd76,Office Chair,4,perfect  Will buy again. Used it daily.,2023-07-17,0.125,Positive,['neutral']
fdd16040,Yoga Mat,5,excellent product  Used it daily.,2025-01-03,0.16666666666666666,Positive,['joy']
cce5b7a1,Blender,1,bad customer service  Very disappointed. I bought this for my workout.,2023-01-10,-0.16666666666666666,Negative,"['anger', 'sadness']"
2a242091,Blender,4,will buy again  Highly recommend.,2024-08-30,0.16666666666666666,Positive,['joy']
d88d8c08,Blender,5,perfect  Used it daily.,2023-03-01,0.2,Positive,['neutral']
8cadc146,Office Chair,4,best purchase  Will buy again. I bought this for my friend.,2023-06-25,0.08333333333333333,Positive,['joy']
b5243494,Wireless Earbuds,5,exceeded expectations  Highly recommend. Used it daily.,2024-11-04,0.25,Positive,['joy']
b3ce3ae1,Wireless Earbuds,5,perfect  Will buy again. Used it daily.,2023-08-19,0.125,Positive,['neutral']
c16808b9,USB-C Charger,4,very satisfied  Great value for money. Used it daily.,2023-04-27,0.3,Positive,['joy']
31fa508f,Blender,1,broke quickly  Not recommended.,2024-12-31,-0.4,Negative,['neutral']
eb5b3776,Laptop Sleeve,5,good quality  Great value for money. Used it daily.,2031-03-02,0.3,Positive,['joy']
09047f4b,Laptop Sleeve,5,works great  Highly recommend.,2023-10-23,0.6,Positive,['joy']
2253cbac,Laptop Sleeve,5,very satisfied  Great value for money. Used it daily.,2025-11-23,0.3,Positive,['joy']
84eb2ac8,Wireless Earbuds,5,will buy again  Great value for money.,2023-04-14,0.25,Positive,['joy']
671b89ab,Blender,4,works great  Great value for money. I bought this for my workout.,2023-02-20,0.3076923076923077,Positive,['joy']
d69c18e4,Blender,5,great value  Highly recommend.,2023-12-07,0.6,Positive,['joy']
0b4efe81,Stainless Bottle,3,okay product  Nothing special. Used it daily.,2024-02-11,0.0,Neutral,['neutral']
1c6e4eef,Blender,4,very satisfied  Will buy again. Used it daily.,2023-06-11,0.1111111111111111,Positive,['joy']
0fab6d67,Office Chair,2,waste of money  Very disappointed.,2024-02-11,-0.3333333333333333,Negative,"['anger', 'sadness']"
7650e961,Wireless Earbuds,4,excellent product  I bought this for my office.,2024-06-24,0.1111111111111111,Positive,['joy']
7b7918fd,Wireless Earbuds,4,very satisfied  Will buy again.,2024-11-28,0.16666666666666666,Positive,['joy']
758b5ec7,Stainless Bottle,4,loved it  Packaging was good. I bought this for my travel.,2023-10-28,0.16666666666666666,Positive,['joy']
f61478ec,Office Chair,5,five stars  I bought this for my mom.,2023-07-08,0.0,Neutral,['neutral']
732f6e8f,Laptop Sleeve,2,one star  Not recommended. I bought this for my travel.,2023-01-11,-0.18181818181818182,Negative,['neutral']
2da69d94,Wireless Earbuds,5,five stars  Will buy again.,2023-12-20,0.0,Neutral,['neutral']
9e098450,Stainless Bottle,5,very satisfied  Great value for money.,2023-03-29,0.42857142857142855,Positive,['joy']
8fbecf3b,Blender,2,missing parts  Returned it.,2023-01-06,-0.4,Negative,['sadness']
6801d5f4,Yoga Mat,4,very satisfied  I bought this for my friend.,2023-11-22,0.1111111111111111,Positive,['joy']
e817a077,Office Chair,4,very satisfied,2023-07-29,0.3333333333333333,Positive,['joy']
f9d770f6,Laptop Sleeve,5,loved it  Packaging was good.,2023-06-06,0.3333333333333333,Positive,['joy']
bd08bcf9,USB-C Charger,4,works great  Packaging was good.,2024-07-12,0.5,Positive,['joy']
4541d32e,USB-C Charger,4,very satisfied  Packaging was good.,2023-12-22,0.3333333333333333,Positive,['joy']
2527b7c6,Wireless Earbuds,5,perfect  Packaging was good.,2025-12-25,0.4,Positive,['neutral']
539d3589,Yoga Mat,2,not worth  Used it daily.,2025-08-11,-0.16666666666666666,Negative,['neutral']
0178f26f,USB-C Charger,4,excellent product  Packaging was good.,2023-04-20,0.3333333333333333,Positive,['joy']
84599ce7,Yoga Mat,4,excellent product  I bought this for my mom.,2026-11-29,0.1111111111111111,Positive,['joy']
da7b150b,USB-C Charger,4,five stars  Used it daily.,2023-05-26,0.0,Neutral,['neutral']
e633ce76,Office Chair,4,works great  Great value for money. I bought this for my workout.,2023-04-11,0.3076923076923077,Positive,['joy']
fec37b5a,Blender,1,not as described  Very disappointed. I bought this for my friend.,2023-02-20,-0.16666666666666666,Negative,"['anger', 'sadness']"
45a94d5e,Blender,2,poor quality  Returned it. I bought this for my travel.,2023-03-02,-0.18181818181818182,Negative,['sadness']
a66fed79,Office Chair,2,poor quality  Returned it. I bought this for my friend.,2024-01-09,-0.18181818181818182,Negative,['sadness']
66150d37,Stainless Bottle,3,average  Could be better. Used it daily.,2023-06-04,0.0,Neutral,['neutral']
4a7ab87f,Wireless Earbuds,5,works great  Highly recommend. Used it daily.,2023-08-23,0.375,Positive,['joy']
903316ed,Wireless Earbuds,4,highly recommend  Packaging was good. Used it daily.,2023-03-11,0.2222222222222222,Positive,['joy']
30884595,Blender,3,it's fine  Nothing special. Used it daily.,2023-01-16,0.0,Neutral,['neutral']
61ab8b45,Stainless Bottle,3,works as expected  I bought this for my travel.,2023-04-30,0.1,Positive,['neutral']
050f1d2a,Laptop Sleeve,3,average  It's okay. Used it daily.,2023-02-03,0.0,Neutral,['neutral']
11ffcade,Stainless Bottle,2,one star  Not recommended. I bought this for my mom.,2023-08-14,-0.18181818181818182,Negative,['neutral']
3eb4d530,Laptop Sleeve,3,neutral  I bought this for my workout.,2023-06-15,0.0,Neutral,['neutral']
3d25703a,Yoga Mat,4,great value  Great value for money. Used it daily.,2024-03-03,0.4,Positive,['joy']
5f41302d,Yoga Mat,1,not worth,2024-08-09,-0.3333333333333333,Negative,['neutral']
b0a2db43,Laptop Sleeve,4,works great  I bought this for my friend.,2023-02-01,0.2222222222222222,Positive,['joy']
d234bf75,Office Chair,5,five stars  Packaging was good.,2025-07-14,0.16666666666666666,Positive,['neutral']
ec931ba8,Wireless Earbuds,1,not as described  Not recommended. Used it daily.,2023-04-29,-0.2222222222222222,Negative,['neutral']
1b088b91,Office Chair,5,works great  Will buy again. I bought this for my workout.,2024-05-18,0.16666666666666666,Positive,['joy']
bfd42f0f,Laptop Sleeve,3,okay product  Nothing special. Used it daily.,2023-03-27,0.0,Neutral,['neutral']
a62e3430,Yoga Mat,4,works great  Highly recommend. Used it daily.,2023-08-30,0.375,Positive,['joy']
73e8c239,USB-C Charger,4,best purchase,2023-06-18,0.3333333333333333,Positive,['joy']
951ebe22,Yoga Mat,4,fast delivery  Great value for money.,2024-05-17,0.42857142857142855,Positive,['joy']
612ed850,Blender,1,very disappointed  Used it daily.,2023-04-17,-0.16666666666666666,Negative,"['anger', 'sadness']"
d2d7d17b,Blender,5,best purchase  Highly recommend.,2025-04-03,0.4,Positive,['joy']
43769753,Yoga Mat,4,five stars  Great value for money. I bought this for my office.,2023-10-05,0.15384615384615385,Positive,['joy']
4333dcb3,Wireless Earbuds,2,not worth  Returned it. Used it daily.,2023-08-05,-0.25,Negative,['sadness']
f945033f,Wireless Earbuds,4,highly recommend  Packaging was good.,2023-04-12,0.3333333333333333,Positive,['joy']
03703eca,USB-C Charger,3,acceptable  Nothing special. I bought this for my workout.,2023-06-22,0.0,Neutral,['neutral']
fbd641ff,USB-C Charger,1,terrible  Not recommended. Used it daily.,2023-05-22,-0.2857142857142857,Negative,['anger']
b2ca2b71,Laptop Sleeve,3,average  It's okay.,2023-05-25,0.0,Neutral,['neutral']
157cf2c5,Laptop Sleeve,2,not as described  Used it daily.,2025-03-18,-0.14285714285714285,Negative,['neutral']
70df643c,Yoga Mat,4,good quality  Packaging was good. I bought this for my workout.,2024-02-19,0.16666666666666666,Positive,['neutral']
120cd18f,Stainless Bottle,5,great value  Packaging was good.,2023-09-09,0.5,Positive,['joy']
b5672608,Wireless Earbuds,2,terrible  Not recommended.,2023-10-09,-0.5,Negative,['anger']
9251ca4d,Office Chair,4,best purchase  Packaging was good. I bought this for my travel.,2024-05-14,0.16666666666666666,Positive,['joy']
b268b3c6,Office Chair,4,perfect  Will buy again.,2023-02-19,0.2,Positive,['neutral']
40c1e671,Blender,3,okay product  Nothing special.,2023-06-14,0.0,Neutral,['neutral']
8fcd9eb2,USB-C Charger,4,will buy again  Great value for money. I bought this for my mom.,2023-11-05,0.14285714285714285,Positive,['joy']
8a9fb2f6,Yoga Mat,4,works great  Will buy again. I bought this for my friend.,2027-04-21,0.16666666666666666,Positive,['joy']
e85c5204,USB-C Charger,4,highly recommend  Highly recommend. Used it daily.,2023-04-09,0.25,Positive,['joy']
85585771,Blender,2,broke quickly  Returned it.,2023-03-02,-0.4,Negative,['sadness']
547642b3,Laptop Sleeve,3,okay product  Could be better.,2023-03-05,0.0,Neutral,['neutral']
fa5608bb,Wireless Earbuds,3,it's fine  Could be better. I bought this for my travel.,2023-05-03,0.0,Neutral,['neutral']
f0142c71,Office Chair,3,acceptable  Could be better.,2025-04-08,0.0,Neutral,['neutral']
05d519ec,Wireless Earbuds,2,terrible  Returned it. Used it daily.,2023-09-29,-0.2857142857142857,Negative,"['anger', 'sadness']"
b68fe80f,Laptop Sleeve,4,five stars  Will buy again.,2027-01-14,0.0,Neutral,['neutral']
c1b1377e,Laptop Sleeve,2,stopped working  Returned it. I bought this for my mom.,2023-07-05,-0.18181818181818182,Negative,['sadness']
46006e21,Blender,5,works great  Great value for money. I bought this for my workout.,2025-01-02,0.3076923076923077,Positive,['joy']
06fd7487,USB-C Charger,5,loved it  Packaging was good.,2023-04-19,0.3333333333333333,Positive,['joy']
3822bb81,Office Chair,3,average  It's okay. Used it daily.,2024-02-08,0.0,Neutral,['neutral']
5bcce0ef,Laptop Sleeve,5,loved it  Highly recommend. Used it daily.,2023-10-24,0.25,Positive,['joy']
2796e736,USB-C Charger,4,works great  Highly recommend. I bought this for my mom.,2023-04-30,0.2727272727272727,Positive,['joy']
692155bf,USB-C Charger,5,exceeded expectations  Used it daily.,2023-03-17,0.16666666666666666,Positive,['neutral']
f20b848c,USB-C Charger,3,neutral  Could be better. Used it daily.,2023-07-22,0.0,Neutral,['neutral']
ac03940f,Office Chair,4,exceeded expectations  Great value for money. I bought this for my travel.,2023-04-12,0.23076923076923078,Positive,['joy']
791ec043,USB-C Charger,2,one star  Returned it. I bought this for my friend.,2023-12-11,-0.18181818181818182,Negative,['sadness']
db6367db,Office Chair,3,fair  Used it daily.,2023-11-14,0.0,Neutral,['neutral']
37c45c9d,Yoga Mat,3,works as expected  Could be better. I bought this for my friend.,2023-08-28,0.07692307692307693,Positive,['neutral']
a671ae63,Stainless Bottle,4,excellent product  Great value for money. I bought this for my friend.,2023-01-20,0.23076923076923078,Positive,['joy']
6ac4dc88,Wireless Earbuds,3,average  Could be better. Used it daily.,2023-02-22,0.0,Neutral,['neutral']
fff203bc,Stainless Bottle,1,not as described  Used it daily.,2027-08-07,-0.14285714285714285,Negative,['neutral']
bd7372d5,Stainless Bottle,3,nothing special  Could be better. Used it daily.,2024-08-28,0.0,Neutral,['neutral']
68f0f60e,Blender,3,does the job  I bought this for my friend.,2024-02-22,0.0,Neutral,['neutral']
2210baf0,Laptop Sleeve,5,loved it  Highly recommend. Used it daily.,2023-11-27,0.25,Positive,['joy']
97b9327f,Wireless Earbuds,4,very satisfied  Packaging was good. I bought this for my workout.,2023-07-13,0.16666666666666666,Positive,['joy']
4bf2fddd,Blender,3,does the job  Nothing special. I bought this for my office.,2025-08-26,0.0,Neutral,['neutral']
0bc2e082,Stainless Bottle,5,great value  Packaging was good. Used it daily.,2026-05-08,0.3333333333333333,Positive,['joy']
1143dc6a,Wireless Earbuds,2,missing parts  Not recommended.,2024-04-24,-0.4,Negative,['neutral']
03c670e0,Wireless Earbuds,5,fast delivery  Great value for money. I bought this for my workout.,2023-03-14,0.23076923076923078,Positive,['joy']
aa6a975f,Office Chair,1,missing parts  Not recommended.,2024-05-08,-0.4,Negative,['neutral']
f99d1a59,Wireless Earbuds,4,exceeded expectations  Great value for money. I bought this for my mom.,2024-11-04,0.23076923076923078,Positive,['joy']
1c43599f,Office Chair,2,bad customer service,2024-08-01,-0.25,Negative,['neutral']
8ac4433b,Yoga Mat,3,works as expected  Nothing special. Used it daily.,2023-03-07,0.1111111111111111,Positive,['neutral']
a478a915,Laptop Sleeve,3,does the job  Could be better.,2024-09-07,0.0,Neutral,['neutral']
bc66e9ca,Blender,4,loved it  Great value for money. I bought this for my friend.,2023-09-28,0.23076923076923078,Positive,['joy']
d7a126d4,USB-C Charger,4,very satisfied  Highly recommend. I bought this for my office.,2025-02-04,0.18181818181818182,Positive,['joy']
883435f5,USB-C Charger,4,highly recommend  Great value for money.,2024-09-11,0.42857142857142855,Positive,['joy']
4ae0facc,Laptop Sleeve,4,will buy again  Packaging was good. Used it daily.,2023-06-22,0.1,Positive,['neutral']
6a1cb028,Laptop Sleeve,4,five stars  Great value for money.,2023-05-11,0.2857142857142857,Positive,['joy']
bd5c9967,Laptop Sleeve,5,exceeded expectations  Will buy again. Used it daily.,2023-09-12,0.1111111111111111,Positive,['neutral']
b6500171,USB-C Charger,3,does the job  It's okay. Used it daily.,2025-04-18,0.0,Neutral,['neutral']
377c374e,Office Chair,4,good quality  Great value for money. I bought this for my friend.,2023-10-14,0.23076923076923078,Positive,['joy']
ec3e4a41,Office Chair,5,five stars  Packaging was good. I bought this for my mom.,2023-12-24,0.08333333333333333,Positive,['neutral']
6a7b0852,Yoga Mat,2,bad customer service  Very disappointed.,2025-10-22,-0.3333333333333333,Negative,"['anger', 'sadness']"
1fc47682,Yoga Mat,4,will buy again  Great value for money.,2023-05-29,0.25,Positive,['joy']
58726d3c,Office Chair,2,not as described  Not recommended. I bought this for my workout.,2024-07-30,-0.16666666666666666,Negative,['neutral']
cd3477e3,Laptop Sleeve,4,great value  Will buy again. Used it daily.,2023-10-06,0.2222222222222222,Positive,['joy']
e6c9c230,USB-C Charger,5,very satisfied  Great value for money.,2024-07-21,0.42857142857142855,Positive,['joy']
a2cbac58,Wireless Earbuds,3,neutral  Used it daily.,2023-05-17,0.0,Neutral,['neutral']
0692b246,Office Chair,3,works as expected  I bought this for my friend.,2024-05-12,0.1,Positive,['neutral']
f964090d,Laptop Sleeve,1,not worth  Very disappointed. I bought this for my office.,2023-11-04,-0.18181818181818182,Negative,"['anger', 'sadness']"
a6295764,Laptop Sleeve,5,great value  Will buy again.,2025-02-03,0.3333333333333333,Positive,['joy']
60814eea,Yoga Mat,3,okay product  Could be better.,2024-09-20,0.0,Neutral,['neutral']
6f8b2d29,Blender,2,terrible  I bought this for my mom.,2024-11-14,-0.125,Negative,['anger']
d40a78fa,Yoga Mat,2,very disappointed  I bought this for my friend.,2023-07-04,-0.1111111111111111,Negative,"['anger', 'sadness']"
d6452e05,Laptop Sleeve,5,five stars  Highly recommend.,2023-03-01,0.2,Positive,['joy']
6ef14318,Wireless Earbuds,3,fair  It's okay. Used it daily.,2024-04-12,0.0,Neutral,['neutral']
14c39041,Laptop Sleeve,5,five stars  Packaging was good. I bought this for my workout.,2024-01-10,0.08333333333333333,Positive,['neutral']
5a959143,Wireless Earbuds,5,works great  Highly recommend. I bought this for my friend.,2023-10-13,0.2727272727272727,Positive,['joy']
8301ca99,Laptop Sleeve,3,does the job  Could be better. Used it daily.,2023-06-04,0.0,Neutral,['neutral']
543a6def,Wireless Earbuds,3,fair  I bought this for my mom.,2025-05-22,0.0,Neutral,['neutral']
8698248e,Wireless Earbuds,4,very satisfied  Packaging was good. Used it daily.,2023-07-06,0.2222222222222222,Positive,['joy']
d4abc389,Stainless Bottle,4,works great  Packaging was good. I bought this for my friend.,2025-12-10,0.25,Positive,['joy']
d1623e6b,Blender,3,okay product  It's okay. Used it daily.,2023-11-19,0.0,Neutral,['neutral']
f2b42401,Office Chair,4,highly recommend  I bought this for my office.,2023-12-12,0.1111111111111111,Positive,['joy']
27be4773,Blender,1,terrible  Returned it. Used it daily.,2025-01-20,-0.2857142857142857,Negative,"['anger', 'sadness']"
ac3a7b2f,USB-C Charger,5,best purchase  Great value for money. Used it daily.,2023-10-31,0.3,Positive,['joy']
6d976fd1,Wireless Earbuds,5,fast delivery  Packaging was good. Used it daily.,2025-07-22,0.2222222222222222,Positive,['neutral']
d4918ecf,Blender,5,excellent product  I bought this for my workout.,2023-03-02,0.1111111111111111,Positive,['joy']
5dd43344,Office Chair,4,great value  I bought this for my office.,2023-12-07,0.2222222222222222,Positive,['joy']
0a11904e,Yoga Mat,4,will buy again  Highly recommend. I bought this for my friend.,2024-05-01,0.08333333333333333,Positive,['joy']
33627df4,Office Chair,5,best purchase  Great value for money. Used it daily.,2025-08-06,0.3,Positive,['joy']
ae82a969,USB-C Charger,4,excellent product  Great value for money. Used it daily.,2023-02-13,0.3,Positive,['joy']
ca914c2a,Laptop Sleeve,5,best purchase  Will buy again. Used it daily.,2024-10-28,0.1111111111111111,Positive,['joy']
d3d9b210,Office Chair,2,one star,2025-07-14,-0.3333333333333333,Negative,['neutral']
8c8acd69,Office Chair,5,will buy again  Great value for money.,2023-09-25,0.25,Positive,['joy']
e8c58fc1,USB-C Charger,4,excellent product  Great value for money.,2023-07-05,0.42857142857142855,Positive,['joy']
77d2fa1d,Yoga Mat,1,broke quickly  Returned it. Used it daily.,2023-05-30,-0.25,Negative,['sadness']
c9221261,Yoga Mat,5,excellent product  Great value for money. I bought this for my mom.,2023-01-02,0.23076923076923078,Positive,['joy']
8c5f5434,Laptop Sleeve,3,okay product  I bought this for my office.,2023-07-05,0.0,Neutral,['neutral']
f994848f,Laptop Sleeve,4,loved it  Will buy again. I bought this for my workout.,2025-07-10,0.08333333333333333,Positive,['joy']
d210d92a,Stainless Bottle,3,it's fine  Could be better. I bought this for my mom.,2023-06-05,0.0,Neutral,['neutral']
6d4a32d7,Yoga Mat,5,will buy again  I bought this for my travel.,2023-08-08,0.0,Neutral,['neutral']
b8acf290,Office Chair,3,acceptable  It's okay. I bought this for my friend.,2023-08-08,0.0,Neutral,['neutral']
730c9fa3,Blender,2,waste of money,2023-03-12,-0.25,Negative,['anger']
0659f7e5,Yoga Mat,4,best purchase  Will buy again. I bought this for my office.,2023-07-18,0.08333333333333333,Positive,['joy']
b95f9f1c,Blender,5,five stars  Will buy again.,2023-06-14,0.0,Neutral,['neutral']
7938932c,Yoga Mat,4,good quality  Great value for money. Used it daily.,2024-01-01,0.3,Positive,['joy']
30746456,Blender,1,do not buy  Used it daily.,2024-02-02,-0.14285714285714285,Negative,['neutral']
4fa6b71f,Wireless Earbuds,3,acceptable  It's okay. Used it daily.,2026-03-30,0.0,Neutral,['neutral']
f230c5ca,Wireless Earbuds,2,not worth  Returned it. Used it daily.,2023-07-15,-0.25,Negative,['sadness']
4d17d5c3,Wireless Earbuds,2,not worth  Not recommended.,2028-10-06,-0.4,Negative,['neutral']
4946df69,Yoga Mat,4,great value  Packaging was good.,2023-11-27,0.5,Positive,['joy']
d62d5834,USB-C Charger,1,missing parts  Not recommended. I bought this for my workout.,2024-05-20,-0.18181818181818182,Negative,['neutral']
8c59fff0,Stainless Bottle,3,average  Nothing special.,2025-04-13,0.0,Neutral,['neutral']
85ca4199,Stainless Bottle,3,it's fine,2023-03-19,0.0,Neutral,['neutral']
1e2ec771,Wireless Earbuds,1,bad customer service  Returned it. I bought this for my mom.,2023-08-22,-0.16666666666666666,Negative,['sadness']
44750cc0,Blender,4,works great  Will buy again. I bought this for my office.,2023-01-25,0.16666666666666666,Positive,['joy']
b9d5266c,USB-C Charger,5,exceeded expectations  Will buy again. Used it daily.,2023-08-09,0.1111111111111111,Positive,['neutral']
d3d8c58e,USB-C Charger,4,works great  Will buy again.,2023-08-01,0.3333333333333333,Positive,['joy']
5828b4d5,USB-C Charger,4,five stars  Great value for money.,2023-10-27,0.2857142857142857,Positive,['joy']
e5929ed8,Office Chair,3,it's fine  Nothing special. Used it daily.,2023-03-15,0.0,Neutral,['neutral']
3c525f8d,Yoga Mat,5,highly recommend  Packaging was good. I bought this for my mom.,2025-12-02,0.16666666666666666,Positive,['joy']
77982ab0,USB-C Charger,4,works great  Highly recommend.,2023-04-26,0.6,Positive,['joy']
608a5baf,Laptop Sleeve,4,good quality  Packaging was good. I bought this for my friend.,2023-07-11,0.16666666666666666,Positive,['neutral']
c0b8e959,Blender,1,terrible  Very disappointed. Used it daily.,2023-03-03,-0.2857142857142857,Negative,"['anger', 'sadness']"
e551c0bb,Blender,5,works great  Will buy again. I bought this for my friend.,2024-01-28,0.16666666666666666,Positive,['joy']
66b77aa1,Office Chair,1,bad customer service  Returned it. Used it daily.,2023-04-02,-0.2222222222222222,Negative,['sadness']
9ca0c1a3,Laptop Sleeve,3,acceptable  It's okay.,2024-02-11,0.0,Neutral,['neutral']
7cd2c03d,Yoga Mat,1,missing parts  Returned it. I bought this for my friend.,2023-02-10,-0.18181818181818182,Negative,['sadness']
d10c4fea,Office Chair,5,fast delivery  Packaging was good.,2023-03-13,0.3333333333333333,Positive,['neutral']
3caf1b51,Office Chair,4,exceeded expectations  Will buy again.,2023-04-10,0.16666666666666666,Positive,['neutral']
8e7664a4,Blender,2,poor quality  Very disappointed. Used it daily.,2023-04-12,-0.25,Negative,"['anger', 'sadness']"
cca61c2e,Yoga Mat,5,highly recommend  Highly recommend. I bought this for my mom.,2024-12-07,0.18181818181818182,Positive,['joy']
a48e9b6b,Yoga Mat,5,fast delivery  Great value for money.,2023-07-04,0.42857142857142855,Positive,['joy']
3b818b45,USB-C Charger,4,best purchase  Highly recommend. I bought this for my travel.,2023-03-25,0.18181818181818182,Positive,['joy']
814eeb24,Office Chair,3,fair  Used it daily.,2025-04-07,0.0,Neutral,['neutral']
69fd6878,Blender,1,missing parts  Very disappointed. Used it daily.,2023-02-02,-0.25,Negative,"['anger', 'sadness']"
0dd1bd46,USB-C Charger,3,it's fine,2023-01-10,0.0,Neutral,['neutral']
6db9aade,Wireless Earbuds,3,okay product  It's okay. I bought this for my travel.,2023-11-16,0.0,Neutral,['neutral']
2edb1d7c,Laptop Sleeve,4,exceeded expectations  Used it daily.,2025-03-25,0.16666666666666666,Positive,['neutral']
66062afd,Stainless Bottle,5,best purchase  Great value for money. I bought this for my travel.,2023-06-02,0.23076923076923078,Positive,['joy']
83f67613,Stainless Bottle,3,nothing special  Could be better. I bought this for my workout.,2023-06-24,0.0,Neutral,['neutral']
ec3a9015,Wireless Earbuds,4,five stars  Will buy again.,2023-04-24,0.0,Neutral,['neutral']
fce51497,Stainless Bottle,4,good quality  Great value for money.,2023-07-12,0.42857142857142855,Positive,['joy']
cb1ee76d,Blender,4,highly recommend  Great value for money. Used it daily.,2023-07-29,0.3,Positive,['joy']
9f6db0bb,Office Chair,3,it's fine  Nothing special.,2025-12-18,0.0,Neutral,['neutral']
dd268279,Blender,5,fast delivery  Highly recommend. I bought this for my friend.,2023-02-25,0.18181818181818182,Positive,['joy']
eb9dea94,Stainless Bottle,5,works great  Highly recommend. I bought this for my office.,2023-09-01,0.2727272727272727,Positive,['joy']
1793c497,USB-C Charger,5,works great  Will buy again. I bought this for my friend.,2024-08-10,0.16666666666666666,Positive,['joy']
19338463,Laptop Sleeve,4,exceeded expectations  Highly recommend.,2023-01-09,0.4,Positive,['joy']
81ad40ca,Laptop Sleeve,3,it's fine  Nothing special. Used it daily.,2023-10-12,0.0,Neutral,['neutral']
21a8e090,USB-C Charger,4,will buy again  Packaging was good. I bought this for my mom.,2023-04-19,0.07692307692307693,Positive,['neutral']
f03e2f34,Stainless Bottle,2,one star  I bought this for my office.,2024-10-19,-0.1111111111111111,Negative,['neutral']
dbd3b33a,Wireless Earbuds,5,great value  Highly recommend. I bought this for my travel.,2023-09-30,0.2727272727272727,Positive,['joy']
fa10f428,USB-C Charger,3,it's fine  Nothing special.,2023-04-27,0.0,Neutral,['neutral']
0564921b,Stainless Bottle,1,not as described  I bought this for my workout.,2025-06-15,-0.1,Negative,['neutral']
590a4b27,Laptop Sleeve,2,stopped working  Not recommended.,2023-11-10,-0.4,Negative,['neutral']
a3243be1,Office Chair,3,it's fine  I bought this for my workout.,2023-10-22,0.0,Neutral,['neutral']
5cf1aa97,Stainless Bottle,4,excellent product  Highly recommend. Used it daily.,2024-10-08,0.25,Positive,['joy']
eba2c59b,Yoga Mat,3,works as expected  Could be better.,2023-01-05,0.14285714285714285,Positive,['neutral']
1ae41467,Blender,2,one star  I bought this for my travel.,2025-04-20,-0.1111111111111111,Negative,['neutral']
5f5cce49,USB-C Charger,5,works great  Great value for money. I bought this for my workout.,2023-11-29,0.3076923076923077,Positive,['joy']
b687a0b5,Blender,4,loved it  Packaging was good.,2024-02-04,0.3333333333333333,Positive,['joy']
5d8b27ff,Blender,3,acceptable,2025-06-16,0.0,Neutral,['neutral']
dfe172fa,Wireless Earbuds,4,highly recommend  Packaging was good. I bought this for my office.,2023-06-26,0.16666666666666666,Positive,['joy']
cff6eb6c,Stainless Bottle,4,highly recommend  Highly recommend. Used it daily.,2023-01-18,0.25,Positive,['joy']
87bec1ec,Yoga Mat,3,it's fine  Nothing special. I bought this for my mom.,2024-05-03,0.0,Neutral,['neutral']
751c5200,Blender,2,terrible  Returned it. Used it daily.,2023-12-04,-0.2857142857142857,Negative,"['anger', 'sadness']"
a96421d9,Office Chair,3,fair  Nothing special.,2023-06-29,0.0,Neutral,['neutral']
41136605,Yoga Mat,3,average  Nothing special. Used it daily.,2023-06-10,0.0,Neutral,['neutral']
1184f840,Laptop Sleeve,5,five stars  Will buy again. Used it daily.,2023-05-09,0.0,Neutral,['neutral']
6b95c017,Yoga Mat,4,best purchase  Highly recommend. Used it daily.,2023-08-24,0.25,Positive,['joy']
79fe8318,Office Chair,4,excellent product  Highly recommend. I bought this for my travel.,2025-10-05,0.18181818181818182,Positive,['joy']
37382d7d,Blender,5,best purchase  Highly recommend. I bought this for my travel.,2023-03-30,0.18181818181818182,Positive,['joy']
197aa576,Laptop Sleeve,1,missing parts,2023-04-22,-0.3333333333333333,Negative,['neutral']
45775b2b,USB-C Charger,4,excellent product  Will buy again. I bought this for my workout.,2023-01-20,0.08333333333333333,Positive,['joy']
3aa405ca,USB-C Charger,4,great value  Packaging was good. I bought this for my mom.,2023-11-28,0.25,Positive,['joy']
97163f27,Laptop Sleeve,3,neutral  It's okay. Used it daily.,2024-06-21,0.0,Neutral,['neutral']
60dc0677,Blender,2,very disappointed  Returned it. I bought this for my travel.,2023-01-29,-0.18181818181818182,Negative,"['anger', 'sadness']"
a2d8b432,Blender,5,great value  Will buy again.,2023-09-07,0.3333333333333333,Positive,['joy']
a5f66915,Blender,5,loved it  Great value for money. I bought this for my travel.,2023-07-28,0.23076923076923078,Positive,['joy']
938fca2d,Blender,3,neutral  Nothing special.,2024-09-16,0.0,Neutral,['neutral']
09de2cde,Blender,5,perfect  Great value for money. I bought this for my mom.,2024-03-09,0.25,Positive,['joy']
451ddaaa,Office Chair,3,nothing special  Could be better. I bought this for my workout.,2023-11-22,0.0,Neutral,['neutral']
bb896136,Yoga Mat,4,fast delivery  I bought this for my office.,2023-02-05,0.1111111111111111,Positive,['neutral']
4e8d38bc,Blender,5,best purchase  Will buy again. I bought this for my travel.,2023-02-23,0.08333333333333333,Positive,['joy']
0577906d,Laptop Sleeve,5,loved it  I bought this for my mom.,2023-08-04,0.1111111111111111,Positive,['joy']
64d11b23,Yoga Mat,3,average  Nothing special. I bought this for my office.,2023-10-12,0.0,Neutral,['neutral']
7cd0d275,Office Chair,5,good quality  Packaging was good.,2024-04-25,0.3333333333333333,Positive,['neutral']
6158c051,Yoga Mat,5,fast delivery,2024-01-28,0.3333333333333333,Positive,['neutral']
db96b74e,Blender,5,five stars  Highly recommend.,2024-11-21,0.2,Positive,['joy']
0397fb8a,Wireless Earbuds,3,works as expected  It's okay. Used it daily.,2023-09-03,0.1,Positive,['neutral']
3ebb81ee,Wireless Earbuds,3,average  Could be better. I bought this for my workout.,2027-05-24,0.0,Neutral,['neutral']
2780b59a,Wireless Earbuds,5,best purchase  Packaging was good.,2023-01-15,0.3333333333333333,Positive,['joy']
3962a2fd,USB-C Charger,5,great value  Highly recommend. I bought this for my workout.,2025-08-04,0.2727272727272727,Positive,['joy']
83ee41d8,Laptop Sleeve,3,fair  I bought this for my office.,2023-11-03,0.0,Neutral,['neutral']
952b4558,Laptop Sleeve,5,works great  Packaging was good.,2023-01-13,0.5,Positive,['joy']
62ffcab2,Office Chair,5,five stars  Will buy again.,2023-05-09,0.0,Neutral,['neutral']
e72235a6,Laptop Sleeve,5,highly recommend  Will buy again. I bought this for my friend.,2026-07-17,0.08333333333333333,Positive,['joy']
f40ec856,USB-C Charger,5,five stars,2023-08-23,0.0,Neutral,['neutral']
9f0b584c,Yoga Mat,5,exceeded expectations  Great value for money.,2024-11-10,0.42857142857142855,Positive,['joy']
44b90b46,Yoga Mat,3,neutral  Could be better. Used it daily.,2024-10-06,0.0,Neutral,['neutral']
64b0f210,USB-C Charger,1,broke quickly  Very disappointed. I bought this for my workout.,2023-11-28,-0.18181818181818182,Negative,"['anger', 'sadness']"
5c3ff9ed,Laptop Sleeve,3,average  Could be better.,2023-02-16,0.0,Neutral,['neutral']
67a72450,Office Chair,1,waste of money  Not recommended.,2024-03-10,-0.3333333333333333,Negative,['anger']
096bec86,Laptop Sleeve,3,fair  It's okay. Used it daily.,2024-04-15,0.0,Neutral,['neutral']
f0dd4cf3,USB-C Charger,1,not as described  Not recommended. I bought this for my workout.,2023-05-19,-0.16666666666666666,Negative,['neutral']
946e572c,Wireless Earbuds,4,great value  Highly recommend.,2024-07-24,0.6,Positive,['joy']
95cb23a4,Stainless Bottle,3,it's fine  Nothing special.,2023-12-25,0.0,Neutral,['neutral']
464ba36c,Stainless Bottle,5,very satisfied  Great value for money. I bought this for my workout.,2023-12-16,0.23076923076923078,Positive,['joy']
08321c32,Yoga Mat,3,okay product  Nothing special. Used it daily.,2023-01-10,0.0,Neutral,['neutral']
17e03ef9,Office Chair,5,very satisfied  Used it daily.,2023-01-08,0.16666666666666666,Positive,['joy']
0c0e5897,Stainless Bottle,5,perfect  Packaging was good. I bought this for my mom.,2023-10-02,0.18181818181818182,Positive,['neutral']
3c8c5b11,Office Chair,5,will buy again  Used it daily.,2024-08-08,0.0,Neutral,['neutral']
a0f47406,Office Chair,5,perfect  Highly recommend. Used it daily.,2023-06-07,0.2857142857142857,Positive,['joy']
03cc44b7,USB-C Charger,5,highly recommend  Will buy again.,2023-07-07,0.16666666666666666,Positive,['joy']
3fac536f,Office Chair,4,exceeded expectations  Packaging was good. I bought this for my office.,2023-12-27,0.16666666666666666,Positive,['neutral']
fa63c9b7,Stainless Bottle,5,will buy again  Highly recommend. Used it daily.,2027-02-20,0.1111111111111111,Positive,['joy']
4270b5a5,Laptop Sleeve,5,very satisfied  Packaging was good.,2023-07-17,0.3333333333333333,Positive,['joy']
c7769a7c,Stainless Bottle,4,fast delivery  Packaging was good.,2024-05-03,0.3333333333333333,Positive,['neutral']
f56edaf0,Wireless Earbuds,3,okay product  It's okay. Used it daily.,2023-02-12,0.0,Neutral,['neutral']
ce86052e,Blender,4,fast delivery  Great value for money.,2023-05-04,0.42857142857142855,Positive,['joy']
727d258d,Laptop Sleeve,3,works as expected  It's okay.,2023-04-08,0.14285714285714285,Positive,['neutral']
8df978b0,Office Chair,1,not as described  Returned it.,2023-01-07,-0.3333333333333333,Negative,['sadness']
352c2461,Laptop Sleeve,5,excellent product  Packaging was good.,2023-07-23,0.3333333333333333,Positive,['joy']
4a55da37,Stainless Bottle,4,good quality  Packaging was good.,2024-02-20,0.3333333333333333,Positive,['neutral']
56bcdaf4,Stainless Bottle,3,fair  Nothing special. I bought this for my friend.,2025-12-29,0.0,Neutral,['neutral']
41453829,Laptop Sleeve,5,excellent product  Used it daily.,2023-02-04,0.16666666666666666,Positive,['joy']
357059fc,Wireless Earbuds,4,great value  Used it daily.,2025-02-10,0.3333333333333333,Positive,['joy']
a64f2daf,Blender,5,excellent product  I bought this for my friend.,2023-08-18,0.1111111111111111,Positive,['joy']
ed7518d0,Yoga Mat,4,great value  Will buy again.,2023-03-08,0.3333333333333333,Positive,['joy']
7c31b245,Yoga Mat,5,great value  Will buy again. I bought this for my workout.,2023-04-07,0.16666666666666666,Positive,['joy']
06d7b57d,Wireless Earbuds,5,best purchase  Great value for money.,2024-01-18,0.42857142857142855,Positive,['joy']
5df97d2b,Wireless Earbuds,4,highly recommend  Packaging was good. I bought this for my travel.,2023-09-20,0.16666666666666666,Positive,['joy']
31183a1a,USB-C Charger,3,nothing special  Nothing special.,2023-03-12,0.0,Neutral,['neutral']
d80daea5,Stainless Bottle,3,works as expected  Could be better. Used it daily.,2023-03-17,0.1,Positive,['neutral']
cfe3a4b2,Laptop Sleeve,5,very satisfied  Great value for money. I bought this for my mom.,2023-06-07,0.23076923076923078,Positive,['joy']
62d598a8,USB-C Charger,1,waste of money  Used it daily.,2026-06-23,-0.14285714285714285,Negative,['anger']
036ef4a7,Wireless Earbuds,5,will buy again  Used it daily.,2025-08-17,0.0,Neutral,['neutral']
321b2bae,USB-C Charger,5,very satisfied  Packaging was good.,2023-03-11,0.3333333333333333,Positive,['joy']
eb8962d2,Wireless Earbuds,4,good quality  Used it daily.,2024-06-02,0.16666666666666666,Positive,['neutral']
093a047d,USB-C Charger,5,five stars  Will buy again. I bought this for my friend.,2023-03-02,0.0,Neutral,['neutral']
9cbb1095,USB-C Charger,5,fast delivery  Highly recommend.,2023-04-03,0.4,Positive,['joy']
4ec191e0,Blender,3,fair  Nothing special. Used it daily.,2023-10-09,0.0,Neutral,['neutral']
290bc4a8,Blender,4,exceeded expectations  Great value for money.,2023-11-13,0.42857142857142855,Positive,['joy']
8d15e14e,USB-C Charger,2,missing parts  Returned it.,2025-02-05,-0.4,Negative,['sadness']
67d26d29,Yoga Mat,3,fair  It's okay. Used it daily.,2023-02-20,0.0,Neutral,['neutral']
7e4c6f47,Office Chair,5,best purchase  Will buy again. Used it daily.,2026-02-11,0.1111111111111111,Positive,['joy']
a578c187,Wireless Earbuds,5,loved it  Great value for money. Used it daily.,2024-08-28,0.3,Positive,['joy']
b8f91d10,Office Chair,4,great value  Great value for money.,2023-10-20,0.5714285714285714,Positive,['joy']
67ed7215,Stainless Bottle,2,not worth  Very disappointed. I bought this for my travel.,2023-07-11,-0.18181818181818182,Negative,"['anger', 'sadness']"
70a160f0,Laptop Sleeve,4,very satisfied  Highly recommend. Used it daily.,2023-04-20,0.25,Positive,['joy']
545c3141,Laptop Sleeve,5,good quality  Will buy again. Used it daily.,2023-09-08,0.1111111111111111,Positive,['neutral']
b88b8c85,Stainless Bottle,2,broke quickly  Returned it.,2023-04-01,-0.4,Negative,['sadness']
fc0877d1,USB-C Charger,5,perfect  I bought this for my mom.,2023-01-29,0.125,Positive,['neutral']
190b737d,Stainless Bottle,5,loved it  Highly recommend. Used it daily.,2023-09-07,0.25,Positive,['joy']
675a9fe8,Wireless Earbuds,4,perfect  Packaging was good. Used it daily.,2023-11-24,0.25,Positive,['neutral']
73210f1e,Blender,5,excellent product  Packaging was good.,2023-06-06,0.3333333333333333,Positive,['joy']
94ea8d00,Office Chair,4,best purchase  Will buy again.,2023-11-01,0.16666666666666666,Positive,['joy']
8e0d2c92,USB-C Charger,3,it's fine  It's okay.,2025-02-08,0.0,Neutral,['neutral']
9de6607a,USB-C Charger,5,five stars  Will buy again. Used it daily.,2024-01-28,0.0,Neutral,['neutral']
084e1c70,USB-C Charger,5,five stars  Highly recommend. Used it daily.,2025-01-07,0.125,Positive,['joy']
2f01822b,Stainless Bottle,5,very satisfied  Great value for money. I bought this for my travel.,2024-10-24,0.23076923076923078,Positive,['joy']
fd0e7186,Stainless Bottle,5,good quality  Great value for money. Used it daily.,2024-02-21,0.3,Positive,['joy']
21a4683b,Yoga Mat,4,perfect  Will buy again. Used it daily.,2024-05-24,0.125,Positive,['neutral']
eb55f26a,Stainless Bottle,3,average  It's okay. I bought this for my workout.,2025-02-15,0.0,Neutral,['neutral']
4313c0cb,Yoga Mat,5,loved it  Packaging was good.,2023-01-11,0.3333333333333333,Positive,['joy']
f0f7b639,Laptop Sleeve,5,very satisfied  Great value for money.,2023-02-20,0.42857142857142855,Positive,['joy']
ee0b2986,Blender,3,acceptable  It's okay.,2024-05-11,0.0,Neutral,['neutral']
92db55b8,Yoga Mat,3,nothing special  It's okay. Used it daily.,2024-09-13,0.0,Neutral,['neutral']
419c3460,Stainless Bottle,5,fast delivery  Will buy again. I bought this for my office.,2023-09-16,0.08333333333333333,Positive,['neutral']
886095c4,Office Chair,1,missing parts  Very disappointed. I bought this for my workout.,2023-05-04,-0.18181818181818182,Negative,"['anger', 'sadness']"
d510de4d,Office Chair,4,will buy again  Highly recommend.,2026-12-21,0.16666666666666666,Positive,['joy']
8a8b2ac3,Office Chair,4,fast delivery  Packaging was good.,2023-04-20,0.3333333333333333,Positive,['neutral']
86deeac7,Office Chair,4,excellent product,2023-10-11,0.3333333333333333,Positive,['joy']
690b5d03,Laptop Sleeve,5,best purchase  Will buy again.,2023-02-11,0.16666666666666666,Positive,['joy']
c678b984,USB-C Charger,5,best purchase  Highly recommend.,2023-10-12,0.4,Positive,['joy']
8ee90656,Wireless Earbuds,5,very satisfied  Great value for money. I bought this for my travel.,2023-06-02,0.23076923076923078,Positive,['joy']
d1f750a0,Wireless Earbuds,4,exceeded expectations  Will buy again. I bought this for my travel.,2025-09-08,0.08333333333333333,Positive,['neutral']
b3b6119a,Wireless Earbuds,2,poor quality  Returned it. Used it daily.,2025-10-07,-0.25,Negative,['sadness']
3677d4c0,Wireless Earbuds,5,excellent product  Great value for money. Used it daily.,2023-01-26,0.3,Positive,['joy']
4129ae49,Blender,3,fair  Could be better. Used it daily.,2024-03-25,0.0,Neutral,['neutral']
d7938c55,Laptop Sleeve,1,not worth  Very disappointed.,2023-11-15,-0.4,Negative,"['anger', 'sadness']"
95335805,USB-C Charger,3,nothing special  Nothing special. Used it daily.,2023-12-21,0.0,Neutral,['neutral']
af3567b3,Laptop Sleeve,1,terrible  I bought this for my office.,2025-01-19,-0.125,Negative,['anger']
985b8c1a,Yoga Mat,5,great value  Highly recommend. Used it daily.,2026-06-20,0.375,Positive,['joy']
cb65a985,Office Chair,5,very satisfied  Used it daily.,2023-02-20,0.16666666666666666,Positive,['joy']
298b17b6,Office Chair,5,best purchase  Will buy again.,2023-01-10,0.16666666666666666,Positive,['joy']
71326a28,Stainless Bottle,1,do not buy  I bought this for my travel.,2023-05-23,-0.1,Negative,['neutral']
a4b8c08c,Office Chair,4,excellent product  Will buy again.,2024-06-21,0.16666666666666666,Positive,['joy']
f0a7cc9b,Laptop Sleeve,5,great value  Used it daily.,2023-08-04,0.3333333333333333,Positive,['joy']
db7a52ff,Blender,3,okay product  Could be better.,2028-11-05,0.0,Neutral,['neutral']
82c57cc8,Yoga Mat,4,excellent product  Great value for money. Used it daily.,2023-08-08,0.3,Positive,['joy']
e2b2cabe,Blender,3,okay product  I bought this for my mom.,2024-08-01,0.0,Neutral,['neutral']
4135a2cb,USB-C Charger,5,exceeded expectations  Will buy again. Used it daily.,2023-04-02,0.1111111111111111,Positive,['neutral']
4407b397,Wireless Earbuds,2,waste of money  Very disappointed. Used it daily.,2024-02-21,-0.2222222222222222,Negative,"['anger', 'sadness']"
eecefc0b,Blender,4,great value  Will buy again. I bought this for my travel.,2023-04-27,0.16666666666666666,Positive,['joy']
743b1e83,Laptop Sleeve,5,five stars  Used it daily.,2023-03-01,0.0,Neutral,['neutral']
b5485bc9,Blender,4,five stars,2025-11-15,0.0,Neutral,['neutral']
21dde054,Stainless Bottle,4,very satisfied  Packaging was good. I bought this for my friend.,2024-01-07,0.16666666666666666,Positive,['joy']
eb441b42,Laptop Sleeve,4,exceeded expectations  Great value for money. I bought this for my travel.,2023-04-27,0.23076923076923078,Positive,['joy']
2bc56c30,Wireless Earbuds,5,best purchase  Will buy again. I bought this for my office.,2023-07-12,0.08333333333333333,Positive,['joy']
98f5dbba,USB-C Charger,5,loved it  Will buy again. I bought this for my travel.,2023-04-06,0.08333333333333333,Positive,['joy']
a69ed099,USB-C Charger,3,acceptable  Nothing special. Used it daily.,2023-01-12,0.0,Neutral,['neutral']
a8e23acb,Laptop Sleeve,4,very satisfied  Great value for money.,2023-06-17,0.42857142857142855,Positive,['joy']
2f3511f4,USB-C Charger,5,great value  Will buy again. Used it daily.,2023-08-22,0.2222222222222222,Positive,['joy']
ee42be58,Yoga Mat,5,loved it,2023-03-16,0.3333333333333333,Positive,['joy']
96bd97bc,Yoga Mat,5,good quality  I bought this for my office.,2024-07-01,0.1111111111111111,Positive,['neutral']
06a7f69c,USB-C Charger,5,works great  Will buy again. I bought this for my mom.,2024-11-10,0.16666666666666666,Positive,['joy']
f128018b,Blender,5,fast delivery  I bought this for my travel.,2023-12-26,0.1111111111111111,Positive,['neutral']
fe700889,Wireless Earbuds,2,stopped working  Used it daily.,2023-01-13,-0.16666666666666666,Negative,['neutral']
65f0b385,Blender,5,exceeded expectations  I bought this for my office.,2023-12-16,0.1111111111111111,Positive,['neutral']
e650e1aa,Yoga Mat,5,great value  Packaging was good.,2023-08-28,0.5,Positive,['joy']
ca6f2a99,USB-C Charger,2,not as described  Returned it.,2023-02-18,-0.3333333333333333,Negative,['sadness']
e1064bbe,USB-C Charger,5,highly recommend  Great value for money. I bought this for my office.,2023-07-25,0.23076923076923078,Positive,['joy']
2dcea22d,Stainless Bottle,3,does the job  Could be better.,2023-09-04,0.0,Neutral,['neutral']
160815cf,Yoga Mat,1,do not buy  I bought this for my office.,2023-11-15,-0.1,Negative,['neutral']
0664cf06,Yoga Mat,3,fair  Could be better. Used it daily.,2024-08-06,0.0,Neutral,['neutral']
539cc358,Blender,3,nothing special  It's okay.,2023-08-10,0.0,Neutral,['neutral']
ff7ad0d5,Yoga Mat,1,poor quality  Returned it. I bought this for my workout.,2023-01-28,-0.18181818181818182,Negative,['sadness']
88b9466f,Laptop Sleeve,4,loved it  Will buy again. I bought this for my workout.,2023-08-27,0.08333333333333333,Positive,['joy']
e150eb11,Laptop Sleeve,4,best purchase  Great value for money.,2023-05-06,0.42857142857142855,Positive,['joy']
34c19958,Yoga Mat,5,exceeded expectations  Great value for money. I bought this for my mom.,2024-12-18,0.23076923076923078,Positive,['joy']
43797c86,USB-C Charger,5,great value  Will buy again. I bought this for my office.,2023-01-15,0.16666666666666666,Positive,['joy']
5fe935eb,Blender,4,will buy again  Will buy again. I bought this for my mom.,2023-02-10,0.0,Neutral,['neutral']
4e7856b8,Yoga Mat,3,acceptable  It's okay.,2027-04-25,0.0,Neutral,['neutral']
40001fd0,Blender,2,broke quickly  Used it daily.,2023-09-10,-0.16666666666666666,Negative,['neutral']
1a8f1a7d,Office Chair,4,good quality  Great value for money. I bought this for my mom.,2024-03-18,0.23076923076923078,Positive,['joy']
b68cc338,Laptop Sleeve,4,five stars  Will buy again. I bought this for my friend.,2023-01-04,0.0,Neutral,['neutral']
afbf133c,USB-C Charger,3,fair  It's okay. I bought this for my mom.,2023-09-24,0.0,Neutral,['neutral']
80990c82,Office Chair,2,do not buy  Returned it.,2023-06-07,-0.3333333333333333,Negative,['sadness']
b29688d1,Blender,1,one star  Returned it. I bought this for my travel.,2023-01-30,-0.18181818181818182,Negative,['sadness']
95d18171,Blender,4,excellent product  Packaging was good. Used it daily.,2023-02-21,0.2222222222222222,Positive,['joy']
4c8cae47,Blender,4,best purchase  Highly recommend.,2024-03-02,0.4,Positive,['joy']
b447ef77,Office Chair,5,best purchase  Packaging was good.,2023-03-23,0.3333333333333333,Positive,['joy']
f7b6be17,Wireless Earbuds,3,acceptable  I bought this for my office.,2023-02-10,0.0,Neutral,['neutral']
a69e5973,Wireless Earbuds,4,works great  Packaging was good.,2024-03-23,0.5,Positive,['joy']
065003a1,Office Chair,1,broke quickly  Very disappointed. Used it daily.,2025-10-01,-0.25,Negative,"['anger', 'sadness']"
30e7549a,Stainless Bottle,1,terrible  Very disappointed. I bought this for my workout.,2023-10-12,-0.2,Negative,"['anger', 'sadness']"
de638ef1,Yoga Mat,5,excellent product  Great value for money.,2025-01-17,0.42857142857142855,Positive,['joy']
b9b01be3,Stainless Bottle,5,works great  Highly recommend. Used it daily.,2024-08-13,0.375,Positive,['joy']
4cce3a17,Yoga Mat,3,fair  It's okay. I bought this for my office.,2024-09-07,0.0,Neutral,['neutral']
69369524,Blender,2,one star  I bought this for my office.,2025-04-01,-0.1111111111111111,Negative,['neutral']
15155a38,Stainless Bottle,4,five stars  I bought this for my workout.,2024-09-12,0.0,Neutral,['neutral']
9e86abd0,Yoga Mat,4,excellent product  Great value for money.,2024-01-12,0.42857142857142855,Positive,['joy']
57d4769d,Office Chair,4,works great  Highly recommend. Used it daily.,2024-04-25,0.375,Positive,['joy']
d3db75bd,Blender,2,not worth  Not recommended.,2023-01-23,-0.4,Negative,['neutral']
9626321d,Blender,3,acceptable  Could be better.,2023-03-05,0.0,Neutral,['neutral']
4bdb609b,Office Chair,5,highly recommend  Will buy again. Used it daily.,2023-04-01,0.1111111111111111,Positive,['joy']
798961b4,Stainless Bottle,5,excellent product  Will buy again.,2023-05-30,0.16666666666666666,Positive,['joy']
b197e58b,Blender,3,acceptable  It's okay.,2024-07-23,0.0,Neutral,['neutral']
8dc29803,USB-C Charger,4,perfect  Used it daily.,2023-09-09,0.2,Positive,['neutral']
2cdfc47f,Laptop Sleeve,4,fast delivery  Great value for money. I bought this for my mom.,2024-04-08,0.23076923076923078,Positive,['joy']
4445c368,USB-C Charger,3,neutral  Could be better. I bought this for my friend.,2028-08-09,0.0,Neutral,['neutral']
60db5fb6,Blender,5,best purchase  Will buy again. Used it daily.,2024-01-19,0.1111111111111111,Positive,['joy']
fdd84200,Blender,3,acceptable  Nothing special.,2024-02-21,0.0,Neutral,['neutral']
3fe0085e,Yoga Mat,1,one star  Not recommended.,2023-01-12,-0.4,Negative,['neutral']
0f2fd61c,Blender,3,average  I bought this for my mom.,2023-08-15,0.0,Neutral,['neutral']
1c23d835,USB-C Charger,5,perfect  Great value for money.,2024-04-19,0.5,Positive,['joy']
ece0855e,Office Chair,5,highly recommend  Will buy again. I bought this for my travel.,2023-07-22,0.08333333333333333,Positive,['joy']
7e3dee69,Blender,3,does the job  Could be better. I bought this for my travel.,2023-06-19,0.0,Neutral,['neutral']
7cb268ed,USB-C Charger,5,good quality  Highly recommend. Used it daily.,2023-01-15,0.25,Positive,['joy']
f0a30428,Blender,5,highly recommend  Highly recommend. I bought this for my workout.,2023-11-12,0.18181818181818182,Positive,['joy']
fcfb7edc,USB-C Charger,4,loved it  Used it daily.,2024-04-16,0.16666666666666666,Positive,['joy']
e854706d,Laptop Sleeve,4,loved it  Highly recommend. I bought this for my friend.,2025-01-24,0.18181818181818182,Positive,['joy']
3e6cdb9b,USB-C Charger,5,great value  Will buy again. Used it daily.,2023-07-19,0.2222222222222222,Positive,['joy']
c57d5350,Stainless Bottle,3,neutral  Could be better. Used it daily.,2023-11-24,0.0,Neutral,['neutral']
850d460e,Stainless Bottle,5,highly recommend  Used it daily.,2023-03-28,0.16666666666666666,Positive,['joy']
893c723f,Laptop Sleeve,4,will buy again  I bought this for my mom.,2023-12-31,0.0,Neutral,['neutral']
f13af0b2,Yoga Mat,5,very satisfied  Highly recommend. I bought this for my travel.,2023-02-21,0.18181818181818182,Positive,['joy']
e20c744d,Laptop Sleeve,5,good quality  Will buy again. Used it daily.,2025-05-24,0.1111111111111111,Positive,['neutral']
6b186e97,Blender,3,works as expected  Used it daily.,2023-04-09,0.14285714285714285,Positive,['neutral']
4aaf3e21,Yoga Mat,5,will buy again  Packaging was good. I bought this for my travel.,2023-03-14,0.07692307692307693,Positive,['neutral']
4461633a,Laptop Sleeve,5,will buy again  Will buy again. Used it daily.,2023-09-05,0.0,Neutral,['neutral']
f8ab3a0f,Blender,3,nothing special  It's okay.,2025-01-16,0.0,Neutral,['neutral']
d959552c,Yoga Mat,4,excellent product  Great value for money. I bought this for my workout.,2023-09-21,0.23076923076923078,Positive,['joy']
ec59f18f,Laptop Sleeve,4,works great  Highly recommend.,2023-11-25,0.6,Positive,['joy']
35f18b0b,USB-C Charger,3,it's fine  Could be better. Used it daily.,2023-07-01,0.0,Neutral,['neutral']
548a8ba2,USB-C Charger,5,exceeded expectations  Highly recommend.,2023-04-19,0.4,Positive,['joy']
6fce1b11,Laptop Sleeve,4,excellent product  Packaging was good. I bought this for my travel.,2023-05-24,0.16666666666666666,Positive,['joy']
d3685acd,Yoga Mat,5,exceeded expectations  Great value for money.,2023-02-21,0.42857142857142855,Positive,['joy']
82b40d99,Office Chair,5,perfect  Great value for money. Used it daily.,2023-08-09,0.3333333333333333,Positive,['joy']
f29f5681,Laptop Sleeve,3,works as expected  Could be better.,2023-01-28,0.14285714285714285,Positive,['neutral']
ca28f261,Wireless Earbuds,3,fair  It's okay. Used it daily.,2023-09-25,0.0,Neutral,['neutral']
d2a96f28,USB-C Charger,3,does the job  Could be better.,2024-10-06,0.0,Neutral,['neutral']
c59cbfbc,Stainless Bottle,4,highly recommend  Great value for money. Used it daily.,2023-04-15,0.3,Positive,['joy']
50654cf4,Office Chair,4,great value  I bought this for my workout.,2024-03-23,0.2222222222222222,Positive,['joy']
90969591,Office Chair,3,average  Nothing special. Used it daily.,2023-03-08,0.0,Neutral,['neutral']
ba64f59a,Office Chair,1,terrible  Not recommended. I bought this for my workout.,2024-05-01,-0.2,Negative,['anger']
9752ce18,Blender,4,excellent product  Will buy again. Used it daily.,2023-08-23,0.1111111111111111,Positive,['joy']
875afecc,Office Chair,5,best purchase  Packaging was good.,2024-08-20,0.3333333333333333,Positive,['joy']
6522b5e5,Stainless Bottle,4,very satisfied  Will buy again.,2025-01-09,0.16666666666666666,Positive,['joy']
8c38ced2,Yoga Mat,3,it's fine  It's okay. I bought this for my office.,2023-02-13,0.0,Neutral,['neutral']
32ff19e8,Blender,3,neutral  Used it daily.,2023-01-22,0.0,Neutral,['neutral']
2dcad0d9,Wireless Earbuds,4,works great,2025-10-03,0.6666666666666666,Positive,['joy']
2c867403,Laptop Sleeve,1,not worth  I bought this for my workout.,2023-02-17,-0.1111111111111111,Negative,['neutral']
d2e67537,Stainless Bottle,4,very satisfied  Great value for money. Used it daily.,2025-09-18,0.3,Positive,['joy']
eb0a7fe2,USB-C Charger,3,fair  Nothing special. Used it daily.,2023-09-16,0.0,Neutral,['neutral']
dd543721,Yoga Mat,1,stopped working  Very disappointed. Used it daily.,2023-02-28,-0.25,Negative,"['anger', 'sadness']"
ac83d295,Wireless Earbuds,5,great value  Highly recommend. Used it daily.,2026-05-09,0.375,Positive,['joy']
ad8e261a,Stainless Bottle,1,missing parts  Used it daily.,2026-01-11,-0.16666666666666666,Negative,['neutral']
53aea9c2,Wireless Earbuds,4,very satisfied  Highly recommend.,2025-01-08,0.4,Positive,['joy']
c27bc6e5,Blender,4,very satisfied  Will buy again. Used it daily.,2023-09-22,0.1111111111111111,Positive,['joy']
533db96b,Wireless Earbuds,4,excellent product  Will buy again.,2024-02-06,0.16666666666666666,Positive,['joy']
04e42fd1,Office Chair,2,not worth  Very disappointed.,2023-01-12,-0.4,Negative,"['anger', 'sadness']"
a7587719,Stainless Bottle,3,average  Nothing special.,2024-03-21,0.0,Neutral,['neutral']
57cc0e25,Yoga Mat,3,fair  It's okay. I bought this for my mom.,2024-02-13,0.0,Neutral,['neutral']
f39ff26f,Office Chair,5,best purchase  Packaging was good.,2023-02-05,0.3333333333333333,Positive,['joy']
3fd7bfbb,Blender,4,excellent product  Highly recommend. Used it daily.,2023-08-03,0.25,Positive,['joy']
526f2474,Stainless Bottle,5,loved it  Highly recommend. Used it daily.,2023-03-13,0.25,Positive,['joy']
a017b2d6,Stainless Bottle,5,exceeded expectations,2024-10-26,0.3333333333333333,Positive,['neutral']
c4a4c915,Wireless Earbuds,5,highly recommend  Will buy again. Used it daily.,2024-02-24,0.1111111111111111,Positive,['joy']
3ca6e886,Yoga Mat,4,great value  Highly recommend.,2023-12-18,0.6,Positive,['joy']
242fbef8,Yoga Mat,5,best purchase  Packaging was good.,2023-11-05,0.3333333333333333,Positive,['joy']
3851bbb8,Blender,1,not as described  I bought this for my travel.,2025-09-02,-0.1,Negative,['neutral']
961a4ebc,Laptop Sleeve,5,best purchase  Packaging was good.,2024-02-16,0.3333333333333333,Positive,['joy']
0d5374fd,Blender,3,works as expected  Could be better. Used it daily.,2024-01-28,0.1,Positive,['neutral']
8d051563,Yoga Mat,4,best purchase  Will buy again.,2024-01-20,0.16666666666666666,Positive,['joy']
91632ee9,Stainless Bottle,2,stopped working  I bought this for my mom.,2024-01-27,-0.1111111111111111,Negative,['neutral']
9d0b412d,Blender,5,excellent product  Highly recommend. I bought this for my office.,2023-01-19,0.18181818181818182,Positive,['joy']
c2b3c215,Stainless Bottle,5,exceeded expectations  Packaging was good. I bought this for my workout.,2023-07-10,0.16666666666666666,Positive,['neutral']
2f54a4c4,Office Chair,5,highly recommend,2024-07-10,0.3333333333333333,Positive,['joy']
e18666cc,Blender,4,works great  Highly recommend. I bought this for my friend.,2024-05-04,0.2727272727272727,Positive,['joy']
3cb34ab4,Wireless Earbuds,5,excellent product  Great value for money. Used it daily.,2023-07-08,0.3,Positive,['joy']
fd2427f6,Office Chair,3,works as expected  Could be better. I bought this for my workout.,2024-02-07,0.07692307692307693,Positive,['neutral']
8912ff84,Wireless Earbuds,5,best purchase  Packaging was good. Used it daily.,2024-06-08,0.2222222222222222,Positive,['joy']
465cec51,USB-C Charger,5,perfect  I bought this for my friend.,2023-07-28,0.125,Positive,['neutral']
03323b7a,Blender,5,very satisfied  Great value for money. Used it daily.,2023-02-16,0.3,Positive,['joy']
bc6192c1,Stainless Bottle,4,exceeded expectations  Will buy again. I bought this for my friend.,2023-01-03,0.08333333333333333,Positive,['neutral']
7dca68bc,Office Chair,3,nothing special,2023-06-16,0.0,Neutral,['neutral']
81f44daf,Stainless Bottle,4,works great  Packaging was good. Used it daily.,2024-03-09,0.3333333333333333,Positive,['joy']
4b4e5526,Wireless Earbuds,4,perfect,2023-08-06,0.5,Positive,['neutral']
77bd7356,Office Chair,3,does the job  Could be better.,2023-06-20,0.0,Neutral,['neutral']
5930801d,Yoga Mat,3,works as expected  Nothing special. Used it daily.,2023-01-28,0.1111111111111111,Positive,['neutral']
51e469ef,USB-C Charger,4,loved it  Great value for money. Used it daily.,2024-02-07,0.3,Positive,['joy']
86c462be,Office Chair,4,works great  Will buy again. I bought this for my friend.,2023-08-16,0.16666666666666666,Positive,['joy']
24ac9f29,Yoga Mat,4,fast delivery  Packaging was good. I bought this for my friend.,2024-12-27,0.16666666666666666,Positive,['neutral']
4664acfb,Office Chair,4,works great  Packaging was good. I bought this for my workout.,2023-08-27,0.25,Positive,['joy']
af9fdbe0,Yoga Mat,1,poor quality  Very disappointed. Used it daily.,2023-06-02,-0.25,Negative,"['anger', 'sadness']"
1225bd93,Yoga Mat,4,highly recommend  Packaging was good.,2023-07-05,0.3333333333333333,Positive,['joy']
dbca3c79,Office Chair,4,five stars  Packaging was good.,2023-10-06,0.16666666666666666,Positive,['neutral']
18ae2bb2,Wireless Earbuds,4,excellent product,2024-06-12,0.3333333333333333,Positive,['joy']
9c7e1bc4,Stainless Bottle,5,loved it  Highly recommend.,2024-04-07,0.4,Positive,['joy']
d1b3258e,Laptop Sleeve,5,excellent product  Will buy again. Used it daily.,2023-01-07,0.1111111111111111,Positive,['joy']
efc6b129,USB-C Charger,3,it's fine  Nothing special. I bought this for my mom.,2023-01-03,0.0,Neutral,['neutral']
1965ff74,Yoga Mat,4,works great  I bought this for my travel.,2025-04-13,0.2222222222222222,Positive,['joy']
305222cf,Blender,3,okay product,2025-08-13,0.0,Neutral,['neutral']
1dc4084e,Stainless Bottle,1,stopped working  Not recommended. I bought this for my workout.,2025-09-21,-0.18181818181818182,Negative,['neutral']
5b624fcb,Yoga Mat,4,works great  I bought this for my travel.,2023-02-09,0.2222222222222222,Positive,['joy']
248fcada,Yoga Mat,4,very satisfied  Great value for money. Used it daily.,2023-04-19,0.3,Positive,['joy']
092ca22e,Office Chair,3,nothing special  Could be better. I bought this for my workout.,2023-05-15,0.0,Neutral,['neutral']
da34e221,Laptop Sleeve,5,will buy again  Packaging was good. Used it daily.,2023-10-10,0.1,Positive,['neutral']
17582fc5,Laptop Sleeve,3,nothing special  Could be better.,2023-12-10,0.0,Neutral,['neutral']
34bb507f,Wireless Earbuds,5,very satisfied  I bought this for my travel.,2023-04-27,0.1111111111111111,Positive,['joy']
2c21935c,Yoga Mat,4,excellent product  Great value for money. Used it daily.,2023-02-17,0.3,Positive,['joy']
5783d06c,Wireless Earbuds,3,nothing special  Could be better.,2024-02-22,0.0,Neutral,['neutral']
417dde98,Stainless Bottle,3,okay product  Nothing special. Used it daily.,2023-09-29,0.0,Neutral,['neutral']
0fe66bbe,Wireless Earbuds,5,excellent product  Will buy again. Used it daily.,2023-02-11,0.1111111111111111,Positive,['joy']
3cb77f2b,Office Chair,4,loved it  Used it daily.,2023-04-19,0.16666666666666666,Positive,['joy']
632a92b0,Blender,5,works great  Will buy again.,2023-08-30,0.3333333333333333,Positive,['joy']
1848dac5,Wireless Earbuds,5,exceeded expectations  Will buy again.,2023-10-19,0.16666666666666666,Positive,['neutral']
3578587a,Office Chair,1,not worth  Not recommended. I bought this for my mom.,2024-01-02,-0.18181818181818182,Negative,['neutral']
f0634b6c,Laptop Sleeve,5,loved it  Great value for money. Used it daily.,2023-12-02,0.3,Positive,['joy']
fc3cf48f,Yoga Mat,5,good quality,2025-02-25,0.3333333333333333,Positive,['neutral']
318f3c53,USB-C Charger,3,does the job  It's okay.,2023-03-28,0.0,Neutral,['neutral']
1e9e59b5,Wireless Earbuds,4,highly recommend  Great value for money. I bought this for my workout.,2023-07-13,0.23076923076923078,Positive,['joy']
a84a2769,Stainless Bottle,5,works great  Highly recommend. I bought this for my travel.,2025-04-20,0.2727272727272727,Positive,['joy']
e113f0f4,Stainless Bottle,4,perfect  I bought this for my workout.,2023-04-09,0.125,Positive,['neutral']
d561e480,Wireless Earbuds,5,highly recommend  Packaging was good. Used it daily.,2023-04-28,0.2222222222222222,Positive,['joy']
e7ff5c58,Wireless Earbuds,5,very satisfied,2023-07-21,0.3333333333333333,Positive,['joy']
a67e5373,Office Chair,4,very satisfied  Packaging was good. I bought this for my office.,2023-02-06,0.16666666666666666,Positive,['joy']
a7af854c,Wireless Earbuds,4,best purchase  Highly recommend. I bought this for my office.,2023-08-08,0.18181818181818182,Positive,['joy']
0e5a08d6,Wireless Earbuds,4,great value  Packaging was good. Used it daily.,2023-03-09,0.3333333333333333,Positive,['joy']
30856992,USB-C Charger,5,works great  Highly recommend.,2024-12-25,0.6,Positive,['joy']
2d74ff9a,Wireless Earbuds,3,okay product  It's okay.,2023-02-06,0.0,Neutral,['neutral']
7877e512,USB-C Charger,1,do not buy  Used it daily.,2024-01-10,-0.14285714285714285,Negative,['neutral']
21e26e19,Blender,4,exceeded expectations,2023-10-16,0.3333333333333333,Positive,['neutral']
a5cd69ee,Wireless Earbuds,3,nothing special,2023-06-30,0.0,Neutral,['neutral']
02d9d82c,Laptop Sleeve,4,will buy again,2023-09-08,0.0,Neutral,['neutral']
a70f6098,Stainless Bottle,5,excellent product  Will buy again. Used it daily.,2023-02-23,0.1111111111111111,Positive,['joy']
a3a1cd2a,Laptop Sleeve,5,five stars  I bought this for my workout.,2023-07-09,0.0,Neutral,['neutral']
39f947ee,Stainless Bottle,4,best purchase  Great value for money.,2024-04-06,0.42857142857142855,Positive,['joy']
b4c76009,USB-C Charger,5,highly recommend  Will buy again. I bought this for my office.,2027-09-26,0.08333333333333333,Positive,['joy']
17d8ce53,USB-C Charger,2,poor quality  Very disappointed. Used it daily.,2023-02-10,-0.25,Negative,"['anger', 'sadness']"
4e8928cf,Office Chair,5,perfect  Packaging was good. I bought this for my workout.,2023-11-12,0.18181818181818182,Positive,['neutral']
4c3365e5,Stainless Bottle,3,okay product  Could be better. I bought this for my friend.,2023-01-31,0.0,Neutral,['neutral']
c3f6dce1,USB-C Charger,2,do not buy  Very disappointed. Used it daily.,2025-03-30,-0.2222222222222222,Negative,"['anger', 'sadness']"
